Prot_1,Prot_2
RNF11,ZNF180
NID2,ETV6
ZNF707,ZNF783
ZC3H10,FOSB
ZC3H10,NFYA
ZC3H10,POU2F1
ZC3H15,JUN
RNF111,CREB1
FOXQ1,ZNF143
FOXQ1,ZBTB33
FOXQ1,SATB1
DHX9,RELA
DHX9,YBX1
DHX9,JUN
TCOF1,JUN
NSRP1,YY1
H0YIV8,HIF1A
SP1,HDAC1
SP1,NFYC
SP1,BTRC
SP1,YY1
SP1,HDAC4
SP1,SMAD4
SP1,JUN
SP1,GAK
SP1,SMAD2
SP1,SMAD3
SP1,NR2B1
SP1,VHL
SP1,NFYA
SP1,HDAC2
SP1,ABL1
SP1,CRK
SP1,SMARCA4
SP1,RARA
SP1,MYCN
SP1,KLF10
SP1,CCNA2
SP1,ZBTB16
SP1,HCFC1
SP1,CTCFL
SP1,TFAP2A
SP1,KLF6
SP1,EGR1
SP1,FYN
SP1,RB1
SP1,SUMO1
SP1,B3KNW7
SP1,KLF4
SP1,PGR
SP1,PML
SP1,NFKB1
SP1,RELA
SP1,EPAS1
SP1,ATF7IP
SP1,PSMC5
SP1,BRCA1
SP1,SRC
SP1,STAT3
SP1,MAPK3
SP1,CEBPB
SP1,HOXC11
SP1,MECP2
SP1,SP3
SP1,PRKCD
SP1,HMGA1
SP1,NR2F1
SP1,PPARG
SP1,AR
SP1,HIF1A
SP1,RXRA
SP1,HSP90AA1
SP1,GATA6
SP1,NR2A1
SP1,GATA4
SP1,EP300
SP1,MYC
SP1,CTNNB1
SP1,CCNB1
SP1,ESR2
SP1,NCK1
SP1,E2F1
SP1,ESR1
SP1,GRB2
SP1,SUB1
SP1,HNF4A
SP1,TLX3
SP1,SREBF2
SP1,CDK1
SP1,HTT
SP1,TP53
SP1,UBC
SP1,MAPK1
SP1,RNF4
SP1,CREBBP
SP1,POU2F1
SP3,HDAC1
SP3,LIN54
SP3,TP53
SP3,ESR1
SP3,ADAMTS12
SP3,SUMO2
SP3,PHF21A
SP3,TMEM25
SP3,ITLN1
SP3,POGZ
SP3,CIB3
SP3,HTT
SP3,SGCZ
SP3,HDAC2
SP3,SNRPB
SP3,EP300
SP3,PTPRK
SP3,B4GALT4
SP3,SPANXN2
SP3,STK19
FBL,RELA
FBL,CTCF
FBL,ZNF281
FBL,JUN
GTSE1,JUN
GTSE1,FOXJ2
SPPL2B,GTF2B
ATP2A1,JUN
ATP2A2,JUN
NOP2,JUN
ITGA4,YBX1
GRN,ELK1
GRN,ZNF180
GRN,YY1
GRN,KLF3
BCL2A1,REL
HLF,BATF
SERPING1,NR4A1
SMAD9,ZNF143
SMAD9,FLI1
SMAD9,ZNF484
SMAD9,ZNF557
SMAD4,RELA
SMAD4,JUN
SMAD4,JUNB
SMAD4,FOXO3
SMAD7,LEF1
SMAD1,ZNF76
SMAD2,LEF1
SMAD2,JUN
SMAD2,YY1
SMAD2,TGIF1
SMAD3,FLI1
SMAD3,RUNX1
SMAD3,NR3C1
SMAD3,EGR1
SMAD3,JUN
SMAD3,FOS
SMAD3,YY1
SMAD3,HIF1A
SMAD3,LEF1
SMAD3,RELA
SMAD3,FOXO3
SMAD3,TGIF1
SMAD3,NR4A1
SMAD3,ATF3
PLRG1,JUN
CKS1B,REL
CKS1B,IKZF1
CKS1B,IKZF3
CKS1B,TCF12
CKS1B,PAX5
AMY1C,GTF2B
SPTLC1,JUN
SPTLC1,ELK1
TCEA2,IKZF1
ATP1A1,JUN
H3C15|H3C14|H3C13,ELK4
RBMXL1,JUN
FRG1,JUN
MIEN1,REL
SP2,QRICH1
SP2,FHL2
SP2,ZDHHC17
SP2,UBQLN1
SP2,BANP
SP2,PRKCA
SP2,YWHAG
SP2,HLA-A
SP2,LMO3
SP2,FGFR3
SP2,MCM7
SP2,NFYC
SP2,CINP
SP2,GSN
SP2,SETDB1
SP2,B3KM38
SP2,NRF1
SP4,FOXP2
SP4,LMO3
SP4,AP1M1
SP4,MCRS1
SP4,LOC730441
SP4,ADAM15
SP4,ATXN7L1
SP4,PELI2
SP4,SERF2
SP4,CIB3
SP4,VEZF1
SP4,HYPK
SP4,VIRMA
SP4,COL8A1
SP4,NRF1
SP4,SPANXN3
SP4,PNKP
SP4,A0A024R5Q1
SP4,LNX1
SP4,NFYC
SP4,PRR20A
SP4,PRR20B
SP4,PRR20C
SP4,PRR20D
SP4,PRR20E
SP4,POGZ
SP4,ELK3
SP4,POU2F1
SP4,HIVEP1
SP4,SPANXN2
SP4,GTF2A1
YJU2,REL
YJU2,ZNF143
PNP,TGIF1
CREBBP,ETS1
CREBBP,RELA
CREBBP,CREB1
CREBBP,RUNX1
CREBBP,NFATC2
CREBBP,HIF1A
CREBBP,JUN
CREBBP,GTF2B
CREBBP,FOS
CREBBP,STAT2
CREBBP,IRF3
CREBBP,HMGA1
CREBBP,FOXO3
CREBBP,SREBF2
CREBBP,FOXO1
CREBBP,NR3C1
CREBBP,STAT6
CREBBP,ATF4
AAAS,REL
LAP3,ZNF76
LAP3,JUN
A6PW31,NFYC
A6PW31,CREB1
SIX4,JUN
HMG20A,THAP11
ZFP82,TRIM33
RFX5,RFXANK
RFX5,ECT2
RFX5,GIGYF2
RFX5,CDC73
RFX5,CIITA
RFX5,KIF23
RFX5,APEX1
RFX5,H3C1|H3C2|H3C3|H3C4|H3C6|H3C7|H3C8|H3C10|H3C11|H3C12
RFX5,COL1A2
RFX5,ANKRA2
RFX5,RFXAP
RFX1,FOXJ2
RFX2,FOXJ2
RFX3,FOXJ2
RFX3,CREB1
IBA57,JUN
ABCE1,JUN
UQCRC2,JUN
KHDRBS1,JUN
H2AC20,ELK4
TARS1,JUN
TARS3,JUN
TARS3,ATF4
DPYSL2,LEF1
BOP1,KLF10
SKP2,FOXO3
SKP2,FOXO1
KDM3A,HIF1A
NIF3L1,STAT3
NOP9,JUN
EIF2B4,JUN
EIF2B4,FOS
EIF2B5,JUN
EIF2B3,JUN
EIF2B1,JUN
PRKAR2A,JUN
MAGT1,JUN
QPRT,SATB1
MECOM,FOXJ2
CLIC4,REL
ITGA3,ELK4
LARP4B,JUN
KRTAP2-3,YY1
FOXL1,IRF9
FOXL1,YY1
FOXL1,SATB1
FOXL1,NR3C1
SF1,JUN
HLA-DPA1,SREBF2
H0YAA0,JUN
ZMAT2,IKZF1
MYBL2,BCL11A
PLPBP,SATB1
PHLDA2,ELK1
CDC5L,JUN
RAC1,JUN
VCP,JUN
AP2A1,JUN
PBX4,GTF2B
PBX4,BCL6
FIGNL1,JUN
FIGNL1,THAP11
PBX2,CREB1
PBX3,MICOS13
PBX3,HSD17B13
PBX3,RNF186
PBX3,DESI2
PBX3,MBLAC2
PBX3,TRAF1
PBX3,KRT31
PBX3,MTERF3
PBX3,TMCO2
PBX3,COQ8A
PBX3,FOXE1
PBX3,MEIS2
PBX3,JPH3
PBX3,ITGB3BP
PBX3,MAGEC2
PBX3,MAB21L2
PBX3,SMPD2
PBX3,MAGEA1
PBX3,CAV3
PBX3,GAD2
PBX3,FKBP7
PBX3,MDK
PBX3,BIK
PBX3,RPRM
PBX3,RABAC1
PBX3,TPM3
PBX3,MAB21L1
PBX3,HIGD1C
PBX3,PLIN3
PBX3,AGTRAP
PBX3,REEP5
PBX3,SIN3A
PBX3,ZNHIT3
PBX3,NUDT9
PBX3,ARFIP2
PBX3,SCAMP1
PBX3,GBP7
PBX3,MAL2
PBX3,KRT27
PBX3,ARL6IP1
PBX3,LMX1B
PBX3,CPLX2
PBX3,FAM177A1
PBX3,PTPN9
PBX3,DGAT2L6
PBX3,TVP23B
PBX3,TPD52L1
PBX3,TRIM44
PBX3,PRB3
PBX3,CIDEB
PBX3,FADS6
PBX3,SYPL1
PBX3,RHEX
PBX3,BSND
PBX3,FSD2
PBX3,LIME1
PBX3,SFT2D2
PBX3,INPP5K
PBX3,TFIP11
PBX3,SYP
PBX3,RHBDD2
PBX3,TMEM196
PBX3,ZNF655
PBX3,INSYN1
PBX3,CMTM4
PBX3,CMTM5
NSUN2,JUN
NSUN5,JUN
TUBG1,GTF2I
PTCH1,ATF6B
TIMM44,GTF2B
TUFM,JUN
KMT5C,JUN
CDR2L,REL
CDR2L,ZSCAN22
SRSF11,THAP11
SRSF11,JUN
SRSF11,ETS1
CALM3,RELA
CALM3,REL
SPG21,TCF12
SPG21,REL
SPG21,SATB1
SPG21,IKZF3
GSDMD,ZBTB33
E9KL35,HIF1A
DLGAP5,JUN
MBNL1,ZNF143
PLK3,HIF1A
PLK3,POU2F1
CDX2,RELA
OIP5,THAP11
OIP5,JUN
BRD4,JUN
BRD4,DNMT1
BRD4,RELA
BRD4,FOXK1
BRD4,STAT3
BRD4,HMGA1
BRD1,ZNF281
BRD1,MAZ
BRD1,CTCF
BRD1,ZBTB33
BRD1,ZNF148
BRD1,YY1
BRD1,ZNF460
BRD1,TCF12
BRD2,JUN
BRD2,STAT3
BRD2,CTCF
BRD2,YY1
BRD3,JUN
DNAJA2,ELK1
DNAJA3,JUN
DNAJA3,FOSL2
DNAJA3,RELA
DNAJA1,RELA
DNAJA1,ELK1
AKT1,YBX1
AKT1,HIF1A
AKT1,FOXO1
AKT1,FOXO3
AKT1,SOX4
PTPN11,STAT3
MYCBP,ELK4
LYAR,JUN
LYAR,YY1
MRPL27,ZNF22
MRPL20,ZNF22
MRPL22,BCL11A
MRPL22,JUN
MRPL28,IKZF3
HABP4,YBX1
ZSCAN9,ZSCAN22
ZSCAN1,MZF1
ZSCAN1,GTF2B
ZSCAN1,ZSCAN22
ZSCAN1,NFYC
SRSF5,JUN
SRSF4,JUN
SRSF7,JUN
SRSF7,ELK4
SRSF6,JUN
SRSF1,JUN
SRSF1,SATB1
CHD1L,NR4A1
SRSF3,JUN
SRSF2,JUN
SRSF9,JUN
SRSF9,YBX1
RNF138,LEF1
CLNS1A,ELK4
TSHZ1,FOXJ2
FOXS1,SATB1
FOXS1,POU2F1
FOXS1,POU2F2
ZNF581,IKZF1
ZNF580,IKZF1
ZNF587,IKZF1
ZNF587,IKZF3
LSM12,JUN
MYO1F,IRF9
MYO1C,ELK4
MYO1C,JUN
RPL36AL,ZNF22
PGBD1,NR4A1
PGBD1,ZSCAN22
HOXA10,NFATC1
KRTAP19-1,BCL6
KRTAP19-5,VEZF1
KRTAP19-5,FOS
SRC,HIF1A
SRC,STAT3
NEMF,JUN
ZNF326,JUN
SRF,ELK1
SRF,ELK4
TSSK3,REL
TSSK3,IKZF3
FAM214B,IKZF1
SRI,STAT3
SRI,TCF12
EIF2AK3,FOXK1
TDG,JUNB
TDG,IKZF1
TDG,STAT3
ASAP3,REL
ATG101,FOXO3
ALOX5,REL
PIGC,KLF10
PIGR,GTF2B
SRRM1,ZNF22
PDK3,JUN
LNPEP,REL
ALPI,JUN
PTGS2,JUN
CEP120,STAT3
ARHGAP26,YY1
DDIT3,BATF
DDIT3,JUNB
DDIT3,FOS
DDIT3,FOSL2
DDIT3,ATF4
DDIT3,ATF3
DDIT4,KLF3
NKRF,JUN
DR1,ZSCAN22
DR1,NFYC
MTURN,REL
TERF2,JUN
C14ORF93,GTF2B
RASSF1,RELA
RASSF5,REL
NHP2,YBX1
CHD3,CREB1
CHD3,JUN
CHD3,NR4A1
CHD3,IKZF1
CHD3,BCL11A
CHD5,BCL11A
CHD4,DNMT1
CHD4,NFATC1
CHD4,IKZF1
CHD4,JUN
CHD4,FOXJ2
CHD4,BCL11A
CHD4,IKZF3
CHD8,CREB1
GID4,IKZF3
CAP1,JUN
ESRRG,REL
DDX5,JUN
DDX5,YBX1
DDX5,YY1
TTC1,HIF1A
TTC1,SREBF2
IL4R,STAT6
EFHC1,REL
EFHC1,IKZF3
ETHE1,RELA
MPG,JUN
PRDM15,NFATC1
PRDM10,REL
ABCG8,NR4A1
HNF4A,HIF1A
HNF4A,FOXO1
HNF4A,SREBF2
POLRMT,JUN
KDM1A,RREB1
KDM1A,DNMT1
KDM1A,JUN
KDM1A,ZNF333
KDM1A,BATF
KDM1A,GATA3
KDM1A,KLF3
H2AC14,ELK4
H2AC12,ELK4
FAHD1,JUN
HESX1,STAT3
LOC51064,GTF2I
FHOD1,JUN
PRKACA,RELA
STAMBPL1,REL
STAMBPL1,IKZF3
PSMB6,JUN
PSMB5,JUN
PSMB4,JUN
PSMB4,FOXJ3
PSMB4,BCL6
PSMB3,JUN
PSMB1,JUN
TALDO1,JUN
A8K932,IKZF1
CIART,NFYC
CRY1,FOXO1
TRIML2,ZBTB33
ACOT12,PAX5
ACOT12,REL
NACC1,FOXJ2
SCAF11,STAT3
TMEM165,REL
FOXN1,YY1
FOXN1,NR2F6
FOXN1,SATB1
GRIN2C,ZNF333
TAP2,ZNF281
CHTF18,STAT3
SNAP91,JUN
SAR1A,JUN
DBN1,JUN
CDC73,JUN
SEMG1,JUN
NEUROG3,REL
NEUROG3,TCF12
GTF2F1,GTF2B
GTF2F2,GTF2B
AKAP8,FOXJ2
AKAP9,IKZF3
EIF2A,JUN
LHX6,ZNF76
LHX6,KLF3
LHX6,NRF1
RRP1B,JUN
HSP90B1,JUN
KRR1,JUN
VSX2,GTF2B
MAP3K8,REL
MAP3K8,RELA
CUX1,NFATC1
CUX1,FOXO1
CUX1,JUN
CUX1,FOXJ2
KLHL38,IKZF3
KLHL38,PAX5
KLHL38,ZNF341
DNAJC8,EGR1
DNAJC9,FOXO1
DNAJC9,JUN
DNAJC7,JUN
MAP3K3,GTF2I
RRP15,JUN
RALBP1,JUN
RALBP1,HMGA1
ZNF835,ZNF121
ZNF837,ZNF121
LRIF1,KLF3
LRIF1,FOSL2
LRIF1,TGIF1
LRIF1,ATF3
ACAT2,ZNF76
IKBKB,FOXO3
IKBKB,RELA
MECP2,CREB1
MECP2,YBX1
MECP2,JUN
MECP2,YY1
PLAAT5,ZNF783
ATF7IP,CREB1
ATF7IP,SREBF2
SPAG16,VEZF1
SRBD1,JUN
ITCH,JUN
CHMP4B,ZNF281
CHMP4B,CTCF
CHMP4B,GTF2I
CHMP4B,STAT3
CHMP4B,HMGA1
CHMP4C,YBX1
CHMP4C,GTF2I
BAX,EGR1
BAX,YY1
RBL1,FOXO3
RBL1,FOXK1
RBL1,NR4A1
RBL1,E2F4
CDK18,REL
CDK18,IKZF3
GFI1B,IRF9
PMPCA,ZNF76
CDK12,JUN
ATP6V1B1,JUN
ATP6V1B2,JUN
BFSP2,ATF4
HOXB13,IRF4
HOXB13,ELK1
HOXB13,POU2F1
NCL,JUN
NCL,RELA
CTNNBIP1,REL
PPP3CA,NFATC1
PPP3CA,JUN
PPP3CA,ELK1
KARS1,JUN
LRRC40,JUN
LRRC47,JUN
FGFR4,HIF1A
FNDC8,ZNF76
RPL18,JUN
RPL18,RELA
FGFR3,ZNF333
FGFR3,GATA3
FGFR3,RELA
FGFR3,BATF
FGFR3,JUN
FGFR3,CREM
FGFR3,ATF3
FGFR3,FOSL2
FGFR3,JUNB
FGFR3,KLF3
PWWP2A,BCL11A
CXCL1,RELA
DAAM2,REL
TUFT1,THAP11
TUFT1,CREB1
FN1,YBX1
FN1,HIF1A
FN1,HMGA1
CAVIN1,THAP11
CAVIN1,JUN
SAP30,FOXK1
SAP30,BCL11A
SAP30,GTF2B
ICMT,ELK1
ATP6V0A1,ZNF267
KRT75,ZNF76
ATM,NR4A1
U2SURP,JUN
ENO1,JUN
ENO1,BCL6
ENO2,HSF1
VENTX,CREM
VENTX,IRF9
PTK2,ZNF331
PTK6,REL
PTK6,ZNF341
PTK6,IKZF3
PRKAA2,FOS
PRKAA2,IKZF3
PRKAA2,REL
PRKAA2,IKZF1
PRKAA1,IKZF3
ITGB3BP,HSF1
ITGB3BP,FOS
ARHGDIB,FOS
ARHGDIA,JUN
EBF3,JUN
BDH2,NFYC
BDH1,ELK1
DDX23,JUN
DDX21,JUN
DDX21,RELA
DDX21,YBX1
DDX20,JUN
DDX27,JUN
DDX24,JUN
DDX28,YBX1
ZNF92,STAT6
ZNF92,CREB1
TASOR2,STAT3
TASOR2,ZNF200
TASOR2,ZNF76
RAB3IP,ZNF76
FBXO11,JUN
FBXO11,FOSL2
TACO1,YY1
ZNF579,NR4A1
KLF3,BAG6
KLF3,HRAS
KLF3,DVL3
KLF3,HTRA2
KLF3,KLF11
KLF3,EHMT2
KLF3,PRPS1
KLF3,LHX8
KLF3,CRYAA2
KLF3,OTX2
KLF3,FHL3
KLF3,KCNIP3
KLF3,TRAF2
KLF3,HSPB1
KLF3,SUV39H2
KLF3,ATN1
KLF3,KLK6
KLF3,GIPC1
KLF3,PEX1
KLF3,BACE2
KLF3,KIF1B
KLF3,NUP58
KLF3,HTT
KLF3,CTBP1
KLF3,CTBP2
KLF3,WFS1
KLF3,ATXN1
PROX1,IRF4
PROX1,RORA
BCLAF1,ELK4
ERBB2,STAT3
KRTAP1-3,YY1
SHC3,REL
CGRRF1,SREBF2
TMEM109,JUN
NACAD,NR4A1
NACAD,STAT3
ZCWPW1,MEF2A
FKBP1B,REL
FKBP1A,ZNF341
STAT6,WWP1
STAT6,EEF1A1
STAT6,POLK
STAT6,NCOA1
STAT6,STAT3
STAT6,STAT2
STAT6,APEX1
STAT6,CEBPZ
STAT6,RLIM
STAT6,ZBTB2
STAT6,RCN3
STAT6,TRIM24
STAT6,UBC
STAT6,SND1
STAT6,EP300
STAT6,CCL11
STAT6,DAZAP2
STAT6,ANKZF1
STAT6,F8WCX0
STAT6,FCER2
STAT6,IRF4
STAT6,KIF22
STAT6,ZNF407
STAT6,NMI
DAXX,HSF1
DAXX,DNMT1
DAXX,RELA
DAXX,ETS1
DAXX,NR3C1
MAP1A,JUN
MAP1B,JUN
SPICE1,YBX1
FRMD6,IKZF1
FRMD6,TCF12
PTCD3,JUN
PTCD3,ATF4
PTCD3,YBX1
DPF2,JUN
DPF2,RELA
FNDC11,REL
RPL18A,JUN
SIX1,REL
RPL36A,JUN
EPB41L3,JUN
EPB41L5,JUN
MACROH2A1,JUN
MACROH2A2,JUN
DCAF13,YY1
DCAF13,JUN
UBE2O,JUN
UBE2O,MAF
UBE2O,YBX1
VHL,HIF1A
AGXT,FOSB
MOGS,JUN
RECK,REL
GPRIN1,ZNF281
KAT2B,FLI1
KAT2B,IRF2
KAT2B,IRF1
KAT2B,HIF1A
KAT2B,SATB1
KAT2B,KLF13
INSR,IRF7
RUNX1T1,TCF12
RUNX1T1,REL
SPTBN1,MEF2C
SPTBN1,SREBF2
KLF13,VIRMA
KLF13,PCBD1
KLF12,THAP1
KLF12,PMP22
KLF12,EHMT2
KLF12,APP
KLF12,LMO3
KLF12,KAT5
KLF12,TCTE1
KLF12,SETDB1
KLF12,FHL2
KLF12,FHL3
KLF12,HTT
KLF12,PPIB
KLF12,VIRMA
KLF12,CTBP1
KLF12,YWHAG
KLF11,ZNF333
KLF11,NFYC
KLF10,Q8N1F1
KLF10,A9C4B2
KLF10,UBC
KLF10,SF3B3
KLF10,CRIP2
KLF10,RPL14
KLF10,SIAH1
KLF10,TULP3
KLF10,LENG1
KLF10,TNS1
KLF10,ZNF512B
KLF10,SIN3A
KLF16,FOXJ2
KLF16,ZBTB33
KLF15,HSF1
KLF15,ZNF76
KLF15,GTF2B
KLF15,FOS
KLF15,STAT3
KLF15,NFYC
KLF15,NRF1
TFAP2A,JUN
TFAP2D,IKZF3
PCNA,DNMT1
PCNA,RELA
PCNA,JUN
PCNA,FOXN3
ZBTB7A,RELA
ZBTB7B,RELA
ZBTB7B,BCL6
MSI1,JUN
UBE2R2,JUN
C14ORF119,REL
RPA1,JUN
ADNP2,NFYC
RPA2,FOXJ3
RPA2,STAT3
NDUFS2,EGR2
NDUFS3,JUN
NDUFS8,JUN
ILF3,YBX1
ILF3,JUN
ILF2,RELA
ILF2,YBX1
ILF2,JUN
ILF2,ZNF22
NEK7,RREB1
ZRANB1,VEZF1
DMRTC2,IRF9
ZRANB2,CTCF
HBB,FOXO1
CHMP2A,E2F4
RREB1,HDAC1
RREB1,HDAC2
RREB1,ZMYND8
RREB1,TOR1AIP2
RREB1,CIT
RREB1,ARL6
RREB1,SUMO2
RREB1,SNCA
RREB1,VIRMA
RREB1,CTBP1
TPX2,THAP11
TPX2,JUN
Q9Y649,RELA
PHC2,DNMT1
PHC2,FOSB
SAFB,JUN
HDAC4,YY1
HDAC4,MEF2C
HDAC4,MEF2A
HDAC4,MEF2D
HDAC4,HIF1A
HDAC4,BCL6
RNF4,CREB1
RNF4,IKZF1
RNF2,FOXJ2
RNF2,YY1
ZFHX3,POU2F1
CLTC,RELA
CLTC,JUN
CLTC,REL
NGLY1,PAX5
NGLY1,TCF12
NMD3,JUN
TEX43,ZNF76
TEX43,NRF1
TEX48,ZNF441
PRSS3,JUN
PRSS3,SATB1
PRSS3,CTCF
RECQL,JUN
RECQL,CREB1
RECQL,FOXO1
RECQL,NFATC1
B7Z8L6,YY1
B7Z8L6,DNMT1
Q9HAV2,PRDM1
SRPRA,JUN
ACTR8,YY1
ACTR8,GTF2I
ACTR5,YY1
ACTR5,ZNF148
XPNPEP3,JUN
FBF1,IKZF3
LYSMD2,HIF1A
ADNP,NFATC1
ADNP,JUN
ADNP,FOXJ2
POLDIP3,JUN
POLDIP2,JUN
ALDH18A1,JUN
ACTN3,REL
TBR1,JUN
TGS1,ZNF76
C22ORF15,ZNF76
KHDRBS2,YBX1
ZNF592,JUN
GLB1,FOS
SEPTIN2,JUN
SEPTIN6,NR3C1
SEPTIN7,REL
SEPTIN9,HIF1A
LMNA,ZSCAN22
LMNA,JUN
LMNA,KLF6
CPNE2,REL
CPNE2,JUN
DNMT3B,DNMT1
DNMT3A,ZBTB17
DNMT3A,DNMT1
SHFL,IKZF1
NDEL1,ZNF180
SNRPB,ZNF143
SNRPB,JUN
SNRPB,CREM
SNRPC,RUNX1
SNRPC,CREM
SNRPF,IKZF1
SNRPE,JUN
KLC4,MEF2A
ZDHHC17,ZNF333
ZDHHC17,ZNF341
ZDHHC17,SREBF2
ZDHHC17,NFYC
PCSK6,ZNF441
HIPK2,HMGA1
HIPK4,ZNF281
FAM74A4|FAM74A6,IKZF1
LARP4,JUN
LARP4,PAX5
LARP7,JUN
LARP7,YBX1
DDX49,JUN
DDX41,JUN
DDX42,YY1
DDX47,JUN
DDX46,JUN
IFNAR1,STAT2
EIF5A2,REL
ELAVL1,HIF1A
ELAVL1,JUN
ELAVL1,ATF3
CDKN1B,IRF1
CDKN1A,REL
CDKN1A,IKZF3
UBE2D2,NFYA
TARS2,JUN
FERD3L,TCF12
SAP130,FOXK1
SAP130,BCL11A
APOD,JUN
APOM,KLF6
NDUFV2,JUN
NDUFV2,ZSCAN22
MLKL,ZNF281
NFIL3,CREB1
FOXJ1,FOXJ3
FOXJ3,NEK6
FOXJ3,ZBTB2
FOXJ3,ZBTB10
FOXJ3,TP53
FOXJ3,ESR1
FOXJ3,MED23
FOXJ3,ALB
FOXJ3,RANGAP1
FOXJ3,APEX1
FOXJ3,USP11
FOXJ3,MED4
FOXJ3,UBR2
FOXJ3,SMARCA5
CCDC57,IKZF3
NUFIP2,JUN
NUFIP2,YY1
NUFIP2,STAT3
CABP5,REL
CABP5,IKZF3
CABP4,IKZF3
CABP4,BCL6
FBXO33,YBX1
MBOAT1,NR3C1
SPSB2,NRF1
IL23A,REL
IL23A,RELA
HMGXB4,BCL11A
CDC37,PRDM1
CDC37,ELK3
CDC37,JUN
CDC37,IKZF3
BRWD1,STAT3
BRWD1,NRF1
KIAA0513,FOXK1
LONRF1,PAX5
LONRF1,IKZF3
LONRF1,NR4A1
EIF5,JUN
MORC4,STAT3
ANKRD17,JUN
ANKRD17,FOS
ANKRD17,FOSL2
ANKRD17,CREB1
B3KM38,HIF1A
MEF2C,YWHAZ
MEF2C,EPAS1
MEF2C,HDAC5
MEF2C,HDAC7
MEF2C,HDAC9
MEF2C,PLA2G12A
MEF2C,JUN
MEF2C,COPS5
MEF2C,MAPK14
MEF2C,MEF2A
MEF2C,MAPK7
MEF2C,EP300
VPS25,REL
SKA1,THAP11
CBWD6,ELK1
CBWD5,ELK1
CBWD3,ELK1
CBWD2,ELK1
CBWD1,ELK1
CBWD1,FOS
DDRGK1,JUN
LGALS3BP,RELA
E2F6,E2F4
E2F5,E2F4
E2F4,HDAC1
E2F4,E2F1
E2F4,LIN37
E2F4,ID3
E2F4,AP3S2
E2F4,POLR1D
E2F4,CCDC183
E2F4,PIN1
E2F4,CEBPA
E2F4,RB1
E2F4,DKFZP686L18142
E2F4,BRCA1
E2F4,RBL2
E2F4,PCM1
E2F4,E2F3
E2F4,E2F2
E2F4,LIN9
E2F4,PCGF6
E2F4,KAT5
E2F4,CDK2
E2F4,CDK4
E2F4,UBC
E2F4,LIN54
E2F4,TFDP3
E2F4,TFDP2
E2F4,TFDP1
ABLIM1,SREBF2
PPP1R13L,RELA
EEF2,JUN
PYCR2,RELA
PYCR1,JUN
ZNF331,NR4A1
ZNF331,MAPK6
ZNF331,IPO8
ZNF331,C8ORF33
ZNF331,SURF2
GNG11,FOS
GNG13,PAX5
IFITM1,STAT2
HPCAL1,CREM
REV3L,MEF2A
SEC24C,JUN
SCAF8,JUN
OGDHL,STAT3
SUOX,REL
SUOX,ZNF143
SUOX,RELA
MRPL40,JUN
MRPL46,JUN
TRIP6,ZNF384
TRIP6,RELA
TM4SF19,STAT3
TRIP4,RELA
NGB,REL
TGM2,RELA
TGM2,ATF4
ARFGAP1,FOS
LAMB2,STAT3
MPHOSPH8,ZNF121
MPHOSPH8,ZNF770
RUVBL1,RELA
RUVBL1,JUN
RUVBL1,YY1
RUVBL2,RELA
RUVBL2,HIF1A
RUVBL2,JUN
RUVBL2,YY1
U2AF2,JUN
BMX,STAT3
DHPS,REL
PAPOLG,NFYA
CCDC6,ZNF354C
DYNC2H1,JUN
MTHFD1,JUN
TBP,ZNF76
TBP,FOS
TBP,JUN
TBP,GTF2B
TBP,RELA
TBP,FOXJ2
TBP,AHR
PRR20B,NFYC
PRR20B,POU2F1
PRR20B,VEZF1
PRR20C,VEZF1
PRR20C,NFYC
PRR20C,POU2F1
PRR20D,VEZF1
PRR20D,NFYC
PRR20D,POU2F1
PRR20E,NFYC
PRR20E,POU2F1
PRR20E,VEZF1
NSD3,SOX4
NSD3,ZNF557
NUDCD2,PRDM1
NUDCD3,PRDM1
ADSL,REL
ADSL,JUN
WDHD1,FOXJ2
SMC4,JUN
CFAP161,BCL6
ZNF341,EMD
ZNF341,SARS1
ZNF341,HSPA2
ZNF341,C11ORF68
ZNF341,NCK2
ZNF341,CCT7
ZNF341,CSTF2
ZNF341,ARNT2
ZNF341,GRB2
ZNF341,NTAQ1
ZNF341,PRPF40A
ZNF341,MAGEB4
ZNF341,ERN1
ZNF341,CENPP
ZNF436,CREB1
ZNF438,ZNF143
NUDT10,REL
NUDT16,JUN
RTCB,JUN
RPS3A,JUN
RPS3A,ZNF22
PYHIN1,CTCF
TRMT2A,JUN
DRG1,JUN
SNW1,JUN
SNW1,IKZF1
AURKA,RELA
AURKA,YBX1
AURKA,JUN
AURKA,REL
AURKA,HIF1A
AURKA,SOX4
AURKA,KLF4
AURKB,YBX1
AURKB,JUN
AURKB,ZNF148
AP1B1,JUN
AP1B1,GTF2I
ERLIN2,JUN
BMF,REL
BMF,TCF12
KRTAP2-4,YY1
ZNF354C,LMO1
ZNF354C,LHX3
ZNF354C,TRIM28
ZNF354C,LHX4
AHCY,FOXK1
AHCY,JUN
AHCY,FOS
ACADVL,ELK4
KRT31,ZNF148
KRT34,ZNF148
KIF2A,JUN
ENSA,DNMT1
BRCA1,RELA
BRCA1,YBX1
BRCA1,JUN
BRCA1,FOSL2
BRCA1,JUNB
BRCA1,POU2F1
ACOT8,REL
KIF27,STAT3
RBBP7,FOXK1
RBBP7,JUN
RBBP7,BCL11A
KIF23,YBX1
KIF23,ZNF200
RBBP4,BCL11A
RBBP4,JUN
RBBP4,IKZF1
HMMR,JUN
XRCC1,CREB1
XRCC5,JUN
XRCC5,POU2F1
XRCC6,POU2F1
XRCC6,JUN
XRCC6,ETS1
SMURF1,ETV6
EMSY,FOXJ2
SMURF2,IRF3
SMURF2,IRF8
MEIS3,VEZF1
MEIS1,CREB1
TFRC,JUN
RSL1D1,JUN
LMNB2,JUN
LMNB1,JUN
LMNB1,ATF4
LMNB1,POU2F1
TOLLIP,NRF1
MRPS26,JUN
MRPS27,JUN
MRPS22,JUN
YY1,MDFI
YY1,KRTAP4-2
YY1,CRKL
YY1,KRTAP4-5
YY1,SUMO2
YY1,PRPF4B
YY1,PPIL4
YY1,MFAP1
YY1,CCNT1
YY1,XAGE1A|XAGE1B
YY1,NUDT21
YY1,CCNT2
YY1,RBM15B
YY1,GPR37
YY1,LHX3
YY1,LHX4
YY1,PPP1R3B
YY1,FHL2
YY1,TESK1
YY1,LRPAP1
YY1,CSNK1D
YY1,GMCL1
YY1,TRPV5
YY1,MYC
YY1,PIP4K2A
YY1,METTL17
YY1,ARHGEF15
YY1,ALOXE3
YY1,PSPC1
YY1,PRMT1
YY1,SPRED1
YY1,FIP1L1
YY1,KRTAP17-1
YY1,MDM2
YY1,FAM76B
YY1,FAM76A
YY1,KRTAP10-9
YY1,KRTAP10-8
YY1,KRTAP10-5
YY1,CEP76
YY1,UBC
YY1,WFS1
YY1,KRTAP1-5
YY1,MBTD1
YY1,MED20
YY1,FOXJ2
YY1,INO80
YY1,EED
YY1,EIF5A
YY1,KRTAP9-8
YY1,KRTAP9-3
YY1,DDX56
YY1,DDX6
YY1,SF3A2
YY1,GTF2I
YY1,NR1H2
YY1,FAM98A
YY1,PPP1R10
YY1,HEXIM1
YY1,SART1
YY1,TRIM42
YY1,SLC39A7
YY1,KRTAP12-3
YY1,KRTAP12-2
YY1,TP53
YY1,TAF2
YY1,AAMDC
YY1,NFKB1
YY1,TOP1
YY1,RBM25
YY1,DMWD
YY1,AGO2
YY1,HDAC1
YY1,HDAC3
YY1,HDAC2
YY1,HDAC5
YY1,RAD23A
YY1,SNIP1
YY1,ZNF232
YY1,SPRY1
YY1,CBX5
YY1,CBX4
YY1,RAF1
YY1,CEP164
YY1,ATF2
YY1,TFPT
YY1,NEDD4
YY1,PRPF40A
YY1,INO80C
YY1,TMEM150A
YY1,FOXB1
YY1,B7Z2P9
YY1,TGFBR2
YY1,KRTAP5-6
YY1,RCL1
YY1,ZNF85
YY1,UCHL5
YY1,MMTAG2
YY1,EP300
YY1,NFRKB
YY1,ATXN2L
YY1,MEPCE
YY1,RPSA
YY1,IL10
YY1,CDK9
YY1,CTTN
YY1,RPL23A
YY1,SF3B4
YY1,RPS19
YY1,MCRS1
YY1,EZH2
YY1,WDR82
YY1,CPSF7
YY1,CPSF6
YY1,PRC1
YY1,CPSF1
YY1,PLEKHF2
YY1,TOX4
YY1,RYBP
YY1,VWC2
YY1,CYSRT1
YY1,INO80D
YY1,INO80E
YY1,INO80B
YY1,POP1
YY1,PRPF38A
YY1,NEDD4L
YY1,YY1AP1
YY1,ACTL6A
YY1,SERPINH1
YY1,ATF6
YY1,ESM1
YY1,SP100
INSIG1,SREBF2
NR3C4,JUN
DGCR6,REL
DGCR6,IKZF3
DGCR6,TCF12
OPTN,ZNF281
OPTN,IRF8
HEL-S-103,HSF1
MCCC2,JUN
CCDC33,ZNF76
APPL2,ATF3
MEMO1,REL
ZNF200,PPARGC1B
ZNF200,FHL2
ZNF200,SKIL
ZNF200,VIRMA
SARS2,JUN
SARS1,JUN
HEL-S-72,REL
THUMPD1,ETS1
MLLT6,TCF12
NUP188,ELK1
WDR36,JUN
COPG1,JUN
ZNHIT1,BCL6
GTPBP4,JUN
GTPBP1,JUN
GTPBP3,TCF12
NFATC2IP,FOS
EPM2AIP1,REL
BCL6,HDAC1
BCL6,ANKRD53
BCL6,HDAC5
BCL6,CUTC
BCL6,HDAC9
BCL6,TRIB3
BCL6,C4ORF45
BCL6,KLHL12
BCL6,TLE5
BCL6,GLRX3
BCL6,LIMS3
BCL6,IRF4
BCL6,LIMS4
BCL6,WDR83
BCL6,NCOR2
BCL6,NCOR1
BCL6,KLHL20
BCL6,APEX1
BCL6,REL
BCL6,ZBTB17
BCL6,ARHGEF9
BCL6,BLZF1
BCL6,POF1B
BCL6,SMRP1
BCL6,TEKT4
BCL6,MDFI
BCL6,DVL2
BCL6,HBEGF
BCL6,GOLGA2
BCL6,CNOT2
BCL6,TRAF2
BCL6,CFAP97D1
BCL6,SIN3A
BCL6,TRAF1
BCL6,PFDN5
BCL6,SIAH1
BCL6,C7ORF31
BCL6,KRTAP13-2
BCL6,BCL11A
BCL6,TRIM27
BCL6,SSX2IP
BCL6,MTUS2
BCL6,TP53BP1
BCL6,KRTAP13-1
BCL6,BCOR
BCL6,ARRDC3
BCL6,USP7
BCL6,KIFC3
BCL6,GATA1
BCL6,ATP23
BCL6,TFIP11
BCL6,IHO1
BCL6,PPTC7
BCL6,UBC
BCL6,HSP90AA1
BCL6,BCL6B
BCL2,NR4A1
BCL2,HIF1A
PLK1,HSF1
PLK1,JUN
PLK1,FOXO3
PLK1,TGIF1
LYRM7,ATF6B
NKX2-5,JUN
MTM1,ZNF548
CSNK1G1,IKZF1
SERPINB1,GTF2B
FAM76B,JUN
PCGF6,ZBTB33
MAGED2,ZNF281
MAGED2,JUN
EXD2,JUN
ELP1,JUN
SLX1A|SLX1B,THAP11
NRDC,JUN
CCDC87,STAT3
DES,JUN
DEK,JUN
UBAP2,CREM
EBNA1BP2,JUN
ASXL1,STAT3
ASXL1,FOXK1
ASXL2,FOXK1
ZBTB33,FOXP3
ZBTB33,CCDC61
ZBTB33,TRIM10
ZBTB33,SUMO3
ZBTB33,SUMO2
ZBTB33,SF3B1
ZBTB33,FOXM1
ZBTB33,CTNND1
ZBTB33,NUDT22
ZBTB33,DCN
ZBTB33,WDR48
ZBTB33,ARHGEF7
ZBTB33,SGF29
ZBTB33,TRMT10A
ZBTB33,FHL5
ZBTB33,TRPV5
ZBTB33,FOXG1
ZBTB33,ENPP6
ZBTB33,GYS1
ZBTB33,CLPTM1L
ZBTB33,FOXB1
ZBTB33,FOXH1
ZBTB33,TP53
ZBTB33,DPH7
ZBTB33,FOXA3
ZBTB33,UBC
ZBTB33,GATAD2B
ZBTB34,FOXJ2
SMC1A,HSF1
SMC1A,CTCF
SMC1A,JUN
SMC1A,FOXJ2
SMC1A,IRF3
TAB2,GTF2I
TAB2,ZNF143
SGTA,IRF3
SGTA,PRDM1
TRIM47,SATB1
TRIM42,IKZF3
TRIM41,ZNF121
TRIM41,ZNF460
PEX1,BATF
PEX1,ZNF180
ME1,NFYA
GNAI1,JUN
MPZL2,ATF4
TBK1,IRF3
TBK1,RELA
TBK1,IRF7
TBK1,REL
MPZL1,STAT3
ZNF212,ZNF783
HLA-C,YBX1
ZWINT,TCF12
PBDC1,JUN
PFDN5,ZNF148
PFDN5,ELK3
PFDN5,VEZF1
PFDN5,IKZF3
MTHFR,JUN
PHF21A,THAP11
PHF21A,JUN
DTNA,STAT3
PRB1,GTF2B
CSNK1A1L,JUN
HIRA,MEF2A
WWOX,VEZF1
TOMM20,JUN
RPS13,JUN
RPS13,RELA
RPS12,JUN
RPS11,JUN
RPS10,JUN
RPS17,JUN
RPS16,JUN
RPS16,RELA
RPS15,JUN
RPS14,RELA
RPS14,JUN
RPS19,JUN
RPS18,JUN
RHOXF2,CREM
LATS2,RELA
LATS2,HIF1A
RIPK2,NFATC2
RIPK2,IRF4
ZNF417,REL
ZNF417,IKZF1
ZNF417,IKZF3
TSSC4,REL
HM13,ELK1
ACTN1,JUN
EZR,JUN
HAUS7,ATF4
B1AMD2,JUN
GAPVD1,HSF1
NR5A1,JUN
RRP7A,JUN
MGC50722,IKZF3
ABLIM3,IKZF3
ABLIM2,SREBF2
UBXN7,HIF1A
UBXN7,NFYC
UBXN7,REL
UBXN7,PAX5
IFIT2,STAT2
IFIT1,IRF3
TRO,IRF3
EFTUD2,HSF1
EFTUD2,JUN
EFTUD2,RELA
ISG15,IRF3
TRIM13,NR4A1
MAP1LC3A,JUN
MAP1LC3A,FOXK1
MAP1LC3B,FOXK1
GDI2,JUN
GDI1,JUN
CBY1,FOXO3
ERLIN1,JUN
EIF4A1,JUN
KRT19,IKZF3
TLE1,LEF1
TLE5,REL
TLE5,KLF4
TLE5,RELA
TLE5,ZNF467
TLE5,VEZF1
TLE5,FOSB
TLE5,IKZF3
TLE4,PAX5
NUDT16L1,IKZF3
NUDT16L1,JUN
CDC7,IKZF1
CDC7,IKZF3
TFPT,GTF2I
TFPT,THAP11
ADGRL2,IRF3
PHF12,BCL11A
MEPCE,YBX1
MEPCE,JUN
MEPCE,GTF2I
NR4A1,E9KL44
NR4A1,HADHA
NR4A1,FXYD3
NR4A1,POLA2
NR4A1,RPL7
NR4A1,PRDX4
NR4A1,NR2B1
NR4A1,SMARCC1
NR4A1,SMARCE1
NR4A1,NCOR2
NR4A1,HSP90AB1
NR4A1,SUGT1
NR4A1,SERPINA4
NR4A1,CDKN2D
NR4A1,PPM1A
NR4A1,ARHGEF5
NR4A1,ARHGEF10L
NR4A1,APEX1
NR4A1,RTN4
NR4A1,PPBP
NR4A1,HNRNPA2B1
NR4A1,PRDX6
NR4A1,NFKB1
NR4A1,MAPK8
NR4A1,CHEK2
NR4A1,LSS
NR4A1,CPT1A
NR4A1,TCF4
NR4A1,NR3C1
NR4A1,SOCS4
NR4A1,FAF1
NR4A1,MED31
NR4A1,RXRA
NR4A1,DKFZP686J1568
NR4A1,ABCB11
NR4A1,NCOA1
NR4A1,STAT3
NR4A1,EP300
NR4A1,GK
NR4A1,CTNNB1
NR4A1,TP53
NR4A1,GLUD1
NR4A1,RPS6KA6
NR4A1,GLOD4
NR4A1,KRTAP10-5
NR4A1,ROBO2
NR4A1,KRTAP10-1
NR4A1,CD2AP
NR4A1,BBS10
NR4A1,ABCA5
NR4A1,UBC
NR4A1,HES1
NR4A1,ABCC6
NR4A1,ATXN1
NR4A1,DIABLO
FOXD3,SATB1
BBLN,THAP11
KIAA2026,CREB1
CPSF7,JUN
CPSF7,ZNF766
CPSF6,JUN
CPSF3,JUN
CPSF2,JUN
CPSF1,REL
MAD1L1,IKZF3
MAD1L1,FOXJ2
ACAA1,JUN
HTT,MAZ
HTT,ZNF180
HTT,SPIB
HTT,CREB1
HTT,ZNF281
HTT,BATF
HTT,HMGA1
HTT,ZNF557
TTLL7,MEF2A
ARIH2,REL
ZNF267,EPHA7
ZNF267,ADORA2B
ZNF267,CDK11A
PLA2G4A,NR3C1
PLA2G4A,STAT3
CLIC1,JUN
LRWD1,NFATC1
MBD5,ZNF76
MBD1,ZNF384
MBD3,REL
MBD3,BCL11A
MBD2,BCL11A
MBD2,DNMT1
SLC25A19,JUN
SLC25A13,JUN
SLC25A12,JUN
SLC25A11,JUN
SLC25A11,ELK1
SLC25A10,ELK1
TUBA3C,ZNF384
TUBA3D,REL
TUBA3D,RELA
CCDC15,MEF2A
NDUFA13,STAT3
NUDT14,REL
TNNI1,ZNF76
SYNCRIP,YBX1
SYNCRIP,JUN
SYNCRIP,GTF2B
SYNCRIP,ZEB1
FUS,YBX1
FUS,JUN
FUS,RELA
SMARCE1,JUN
SMARCE1,FOS
RNGTT,JUN
RAB11B,FOS
RAB11B,SREBF2
GCC1,RUNX1
GCC1,GTF2I
GCC1,ATF4
H2BC18,ELK4
H2BC12,ELK4
H2BC13,ELK4
H2BC11,CREB1
H2BC14,ELK4
H2BC15,ELK4
MAGEB2,EGR1
SMYD3,NFYB
SMYD3,ZNF557
IRF3,CCL5
IRF3,AARSD1
IRF3,IKBKE
IRF3,TEX36
IRF3,IL12A
IRF3,WRNIP1
IRF3,PEX19
IRF3,PRDX1
IRF3,PIN1
IRF3,DCTN1
IRF3,BCAS3
IRF3,XPO1
IRF3,APEX1
IRF3,DDX58
IRF3,TANK
IRF3,SMC2
IRF3,JUN
IRF3,ESYT2
IRF3,IFNB1
IRF3,HSP90AB1
IRF3,AHSA1
IRF3,Q53FC7
IRF3,PSMA5
IRF3,FASN
IRF3,TRAF3
IRF3,TUBB8
IRF3,TICAM1
IRF3,HK2
IRF3,Q96BE0
IRF3,TRIM21
IRF3,OTUD1
IRF3,IFNA1|IFNA13
IRF3,SOCS1
IRF3,EP300
IRF3,SLMAP
IRF3,ASMTL
IRF3,IRF7
IRF3,PPP2CA
IRF3,CXCL8
IRF3,SYNGR3
IRF3,IFNA2
IRF3,KIT
IRF3,SALL2
IRF3,CBP
IRF3,STING1
IRF3,UBC
IRF3,SORT1
IRF3,HSP90AA1
IRF3,MAVS
IRF3,EWSR1
IRF3,ATF2
IRF2,FKBP7
IRF2,IRF2BP2
IRF2,IRF1
IRF2,SUMO2
IRF2,FOXK2
IRF2,FOXK1
IRF2,IRF8
IRF2,IRF2BPL
IRF2,IFNB1
IRF2,HSP90AB1
IRF2,IRF2BP1
IRF2,HCFC1
IRF2,HSP90AA1
IRF2,HCFC2
IRF1,TNFSF10
IRF1,BIRC3
IRF1,IL12A
IRF1,SPI1
IRF1,STAT3
IRF1,STAT1
IRF1,STUB1
IRF1,CIITA
IRF1,IFNB1
IRF1,RELA
IRF1,ULK2
IRF1,TRIM28
IRF1,IFNA1|IFNA13
IRF1,MDM2
IRF1,EP300
IRF1,SOCS1
IRF1,QARS1
IRF1,IRF9
IRF1,IRF8
IRF1,UBC
IRF9,HOXC9
IRF9,ARID3B
IRF9,STAT2
IRF9,STAT1
IRF9,POU2F1
IRF9,NR2E3
IRF9,TLX2
IRF9,TLX3
IRF9,ATN1
IRF9,S100A13
IRF9,DACH2
IRF9,ATXN1
IRF8,COPS2
IRF8,CIITA
IRF8,SPI1
IRF8,TRIM21
IRF8,IL12A
IRF8,CYBB
IRF8,NF1
IRF8,UBC
IRF8,IL1B
SNX24,POU2F1
PANX2,NRF1
ZBTB16,ZNF281
ZBTB16,REL
DDX19B,STAT3
TRIM68,REL
MTOR,STAT3
TRIM66,AHR
TRIM66,ZNF281
CEACAM6,ZNF76
CEACAM6,VEZF1
GABPB1,GABPA
C11ORF68,REL
HIP1,REL
SERTAD2,ZSCAN22
BID,REL
RTEL1-TNFRSF6B,THAP11
EPHB6,REL
EPHB6,IKZF3
EPHB6,TCF12
HSF1,HDAC1
HSF1,BAG3
HSF1,HSF2
HSF1,HSF4
HSF1,HSPA4
HSF1,MAPRE2
HSF1,SPAG9
HSF1,SUMO2
HSF1,ZNF232
HSF1,FKBP4
HSF1,MYH13
HSF1,GTF3C4
HSF1,TMEM185A
HSF1,CDC20
HSF1,WDR88
HSF1,HSPBP1
HSF1,HSPA1L
HSF1,MAPK3
HSF1,STUB1
HSF1,CFAP20
HSF1,B3KNW7
HSF1,SMC6
HSF1,SUMO1
HSF1,HSPA1A
HSF1,HDAC2
HSF1,DCAF7
HSF1,MAPK8
HSF1,IVNS1ABP
HSF1,FBXW7
HSF1,RTL9
HSF1,BUB1
HSF1,HSPB1
HSF1,HSPA4L
HSF1,MNS1
HSF1,PRMT5
HSF1,RPUSD4
HSF1,MCM6
HSF1,MCM4
HSF1,MCM2
HSF1,EPS15L1
HSF1,USP15
HSF1,HSPA8
HSF1,SCGB1A1
HSF1,CHST10
HSF1,CARMIL1
HSF1,NME2
HSF1,RAB28
HSF1,IER5
HSF1,SMARCA4
HSF1,LPIN1
HSF1,LURAP1L
HSF1,GSK3B
HSF1,PTGES3
HSF1,KPNA4
HSF1,KPNA3
HSF1,HSP90AA1
HSF1,YWHAE
CRLF3,JUN
NTAQ1,ETV6
NTAQ1,IKZF3
ZNF384,HOXC9
ZNF384,CEBPE
ZNF384,TRIM27
ZNF384,UBE2K
ZNF384,POU6F2
ZNF384,CIT
ZNF384,KIF20A
PARK7,HMGA1
RORC,JUN
RORA,EIF3I
RORA,NCOA1
RORA,PNRC1
RORA,PNRC2
RORA,NR0B1
RORA,LMO3
RORA,NRIP1
RORA,COPS5
RORA,ZXDC
RORA,GFAP
RORA,PSMC5
RORA,KIF20A
MDM2,RELA
MDM2,GTF2I
MDM2,HIF1A
MDM2,FOXO3
MDM2,FOXO1
MDM2,ATF4
MDM2,ATF3
ROR2,FOSB
ROR2,CREM
SNRPD3,JUN
SNRPD2,JUN
SNRPD2,ELK4
SNRPD1,JUN
SNRPD1,ELK4
KPNA6,HIF1A
KPNA5,NRF1
KPNA4,JUN
KPNA4,RELA
KPNA3,ZNF76
KPNA3,RELA
KPNA2,RELA
KPNA2,JUN
KPNA1,HIF1A
CRX,NFYC
FRS3,IKZF3
FRS3,ZSCAN30
CRK,ELK1
CRK,ZNF557
CRK,IKZF3
CRK,ATF3
DVL3,ZSCAN22
DVL3,KLF4
DVL3,ZNF441
DVL3,NFYA
GLDC,JUN
RTN4IP1,RELA
NINL,JUNB
TRRAP,FOXO3
PAX5,HOXC8
PAX5,OSGIN1
PAX5,DTX2
PAX5,HMGB3
PAX5,NFYC
PAX5,STAC
PAX5,FBLN1
PAX5,GRHL2
PAX5,HMBOX1
PAX5,PNMA5
PAX5,KRTAP9-3
PAX5,SEC14L4
PAX5,CIB3
PAX5,ETS1
PAX5,UBXN2B
PAX5,BCAS2
PAX5,SAE1
PAX5,ZMYM5
PAX5,CCNC
PAX5,HGS
PAX5,EP300
PAX5,CSNK2A1
PAX5,UBE2I
PAX5,MAPK9
PAX5,TLK2
PAX5,C1ORF109
PAX5,KRTAP10-8
PAX5,CXORF38
PAX5,CDK3
PAX5,RNF144B
PAX5,RAD52
PAX5,NEIL2
PAX5,LDLRAP1
SULT2B1,REL
POLM,IKZF3
EHMT2,DNMT1
EHMT2,VEZF1
EHMT2,PRDM1
EHMT2,KLF6
EHMT2,REST
PAX9,KLF4
FOSL1,JUNB
FOSL1,JUN
FOSL1,JUND
FOXF1,SATB1
ISOC1,JUN
HSPA1B,ELK1
HSPA1B,JUN
GABPA,GABPB2
GABPA,FOXJ2
GABPA,ESR1
GABPA,STK16
GABPA,SUMO2
GABPA,ZC2HC1B
GABPA,PINX1
GABPA,YEATS4
GABPA,UBC
GABPA,EP300
GABPA,KEAP1
WDR18,JUN
PPP2R1A,JUN
PPP2R1A,FOXO3
LONP1,JUN
ZMYND12,ZNF148
ZMYND12,VEZF1
NOC4L,IKZF1
NOC4L,JUN
CGGBP1,REL
CGGBP1,JUN
AMBP,STAT3
HSPB7,REL
HSPB7,IKZF3
HSPB2,VEZF1
HSPB1,ELK1
HSPB1,ELK4
PKN1,IKZF3
PKN3,THAP11
UTP14A,JUN
C1ORF109,IKZF3
C1ORF109,TCF12
C1ORF109,REL
C1ORF109,IKZF1
FAM124B,IKZF3
TEX264,FOXK1
PSME3IP1,CREB1
HPCA,CREM
CSNK1D,JUN
CSNK1D,GTF2B
CSNK1E,JUN
LIG3,JUN
ISCU,IKZF1
IL36RN,REL
FNTA,STAT2
KCTD12,RELA
CRCP,TCF12
KRTAP10-8,ZNF121
KRTAP10-8,VEZF1
KRTAP10-7,ZNF846
KRTAP10-7,ZNF543
KRTAP10-7,ZNF180
KRTAP10-7,STAT3
KRTAP10-6,ZNF543
KRTAP10-6,ZNF776
H0Y415,ATF3
ZKSCAN4,ZSCAN30
ZKSCAN7,ZSCAN22
GLIS2,FOSB
GLIS2,HIF1A
GLIS2,CREM
GLIS1,RELA
VIM,RELA
VIM,CREB1
VIM,NFATC2
VIM,JUN
TUBA1C,ELK1
TUBA1B,ELK1
TUBA1B,JUN
TUBA1A,RELA
TUBA1A,JUN
CXORF38,NFYC
RIMKLB,EGR2
SCGB1A1,FOS
TAF6,EGR1
TAF2,JUN
TAF1,TCF12
MRPS6,SREBF2
HMOX2,NR3C1
FOSB,FOXP3
FOSB,POU6F2
FOSB,JUNB
FOSB,JUND
FOSB,NEDD9
FOSB,FAM90A1
FOSB,JUN
FOSB,APEX1
FOSB,VEZF1
FOSB,CENPO
FOSB,FAM222B
FOSB,FOS
FOSB,TENT5B
FOSB,CREB5
FOSB,CYTH4
FOSB,ENKD1
FOSB,NCK2
FOSB,TLX3
FOSB,POGZ
FOSB,PHF1
FOSB,ATF2
C8ORF33,IKZF1
LGALS14,REL
LGALS14,IKZF3
AP2M1,JUN
AP2M1,IKZF1
TCF21,TCF12
HDLBP,JUN
HDLBP,YBX1
SLC22A18AS,NRF1
VPS26B,ETV6
PGPEP1,GTF2I
SMU1,JUN
SMU1,YBX1
SREBF2,PTH1R
SREBF2,ZMYM2
SREBF2,EGR1
SREBF2,HSPA5
SREBF2,PSMD4
SREBF2,CASP8AP2
SREBF2,COPS5
SREBF2,NFYC
SREBF2,SLC4A4
SREBF2,NFYA
SREBF2,ARRB1
SREBF2,ZYX
SREBF2,SPINT2
SREBF2,FHL2
SREBF2,FHL3
SREBF2,B3KSG3
SREBF2,ARHGEF1
SREBF2,APEX1
SREBF2,MAPK3
SREBF2,NRG1
SREBF2,NAE1
SREBF2,OS9
SREBF2,ITGB4
SREBF2,CREB1
SREBF2,VIRMA
SREBF2,NR2A1
SREBF2,SLC39A4
SREBF2,UBE2I
SREBF2,PIAS2
SREBF2,PIAS3
SREBF2,PIAS1
SREBF2,GOLGB1
SREBF2,UBC
SREBF2,MAPK1
SREBF2,LZTR1
SREBF2,B3KQF8
SREBF2,ATXN1
CIC,NFYC
SSRP1,JUN
ODAD2,NR4A2
TSSK4,CREB1
IL12A,REL
IL12A,RELA
CIT,YBX1
CIT,GTF2I
CIT,ZNF281
CIT,STAT3
CIT,HMGA1
CIT,ELF1
GLE1,BATF
MTA2,DNMT1
MTA2,JUN
MTA2,BCL11A
MTA3,BCL11A
MTAP,JUN
BICD1,STAT3
BBS2,NRF1
B3KQF8,CREB1
ESM1,NRF1
AQP1,REL
AQP1,IKZF3
AQP1,FOS
RUBCN,VEZF1
PDCD11,JUN
PPP3R1,NFATC1
PIK3CA,FOS
ENKD1,ZNF76
ENKD1,ZNF143
ENKD1,FOS
ENKD1,IKZF3
DIMT1,JUN
IQCB1,YBX1
MEN1,JUND
MAX,FOXK1
MAX,THAP11
MAX,JUN
ERI3,JUN
ACLY,JUN
EIF2AK2,JUN
MGST2,JUN
ZNF451,CREB1
ZNF451,ZNF467
CSDE1,JUN
BACH2,FOSL2
HAND1,TCF12
LIN28A,YBX1
SNRPB2,JUN
RPS6KA6,DNMT1
PSMD14,JUN
PSMD11,JUN
PSMD10,RELA
PSMD13,JUN
PSMD12,JUN
UTP23,HIF1A
VAPB,JUN
VAPA,JUN
TELO2,ELK1
EXOSC10,JUN
ARF1,JUN
ARF6,GTF2I
RGPD3,JUN
IRF7,TGFBR1
IRF7,IRAK1
IRF7,STAT1
IRF7,IKBKE
IRF7,IFNA2
IRF7,UBE2B
IRF7,TRIM21
IRF7,BMPR1B
IRF7,TRMT61B
IRF7,IFNA1|IFNA13
IRF7,IFNB1
IRF7,ACADS
IRF7,UBC
IRF7,TRAF6
IRF7,MYD88
IRF7,GCLM
IRF7,STAT2
MOB4,ELK1
RAB11FIP1,JUN
BPIFA1,JUN
BPIFA1,ELK3
MYL6B,JUN
NFIX,FOS
NFIX,JUN
NFIX,CREB1
EEF1A1,DNMT1
EEF1A1,JUN
EEF1A1,TGIF1
EEF1A2,RELA
RAB2A,ATF6B
ARL16,TCF12
ARL16,REL
WDR45B,JUN
KIF4A,NFATC1
MNDA,STAT3
DHRS7B,JUN
HEL111,ATF4
CLK2,ZNF394
EIF4E2,REL
FXR1,JUN
RAB29,REL
CALR,JUN
ACTR1A,JUN
WDR77,ELK4
WDR76,YBX1
NQO1,HIF1A
PRPF8,JUN
PRPF3,JUN
PRPF4,JUN
PRPF6,JUN
ZSCAN16,ZSCAN22
PIP4K2A,JUN
RABGAP1L,THAP11
ELK3,NUP58
ELK3,LSAMP
ELK3,GRB2
ELK3,PIK3R1
ELK3,UBC
ELK3,NCK1
ELK1,HSPA7
ELK1,HSPA6
ELK1,HSPA5
ELK1,SUMO1
ELK1,HSPA9
ELK1,HSPA8
ELK1,CDH3
ELK1,SLC25A3
ELK1,SLC25A1
ELK1,SLC25A6
ELK1,SLC25A5
ELK1,SLC25A22
ELK1,SH3BGRL
ELK1,TUBB4B
ELK1,TUBB4A
ELK1,ACSL5
ELK1,FAT1
ELK1,APP
ELK1,HSD17B12
ELK1,EMD
ELK1,SLC7A5
ELK1,MMS19
ELK1,HSPH1
ELK1,PPP6C
ELK1,RCN2
ELK1,TUBB8
ELK1,TUBB6
ELK1,TUBB2A
ELK1,SLC39A7
ELK1,UBE2I
ELK1,TUBB
ELK1,BAG2
ELK1,GRPEL1
ELK1,TMEM161A
ELK1,PRKDC
ELK1,FANCD2
ELK1,MAPK3
ELK1,MAPK1
ELK1,MAPK8
ELK1,MAPK9
ELK1,DPM1
ELK1,STARD3NL
ELK1,PLCG2
ELK1,EMX1
ELK1,ARL1
ELK1,ERCC2
ELK1,CTNNB1
ELK1,HSPA1A
ELK1,FMR1
ELK1,CAD
ELK1,HIGD1A
ELK1,TMEM33
ELK1,TIMM50
ELK1,CPT1A
ELK1,TFAM
ELK1,TPP1
ELK1,ALDH1B1
ELK1,SLC16A3
ELK1,CEPT1
ELK1,SSR1
ELK1,SSR4
ELK4,CAPZB
ELK4,ACTG1
ELK4,H2BS1
ELK4,YBX3
ELK4,CORO1C
ELK4,AKAP12
ELK4,ACTBL2
ELK4,H2BC9
ELK4,H2AC18|H2AC19
ELK4,ERH
ELK4,THRAP3
ELK4,PPM1B
ELK4,H2AC11|H2AC13|H2AC15|H2AC16|H2AC17
ELK4,PRPS1
ELK4,ACAP2
ELK4,PRPF31
ELK4,PRPSAP2
ELK4,H2AW
ELK4,H2AC7
ELK4,H2AJ
ELK4,H3-4
ELK4,H3-5
ELK4,H2AC6
ELK4,TCF25
ELK4,PRPS2
ELK4,IVNS1ABP
ELK4,TRA2B
ELK4,LARP1
ELK4,MTMR14
ELK4,MRPL16
ELK4,CAPZA1
ELK4,H2BC1
ELK4,MRPL4
ELK4,H2BC5
ELK4,LUC7L3
ELK4,H2AC4|H2AC8
ELK4,OTUD4
ELK4,H2BC4|H2BC6|H2BC7|H2BC8|H2BC10
ELK4,PRMT5
ELK4,H3-3A|H3-3B
ELK4,SERPINH1
ELK4,PRPSAP1
ELK4,PABPC4
ELK4,RIOK1
ELK4,LIMA1
ELK4,ROCK1
ELK4,H3C1|H3C2|H3C3|H3C4|H3C6|H3C7|H3C8|H3C10|H3C11|H3C12
ELK4,H4C1|H4C2|H4C3|H4C4|H4C5|H4C6|H4C8|H4C9|H4C11|H4C12|H4C13|H4C14|H4C15|H4-16
ELK4,ACTB
ELK4,KIF11
NAB2,EGR1
NCKIPSD,VEZF1
ATXN7L2,IKZF3
ATXN7L1,VEZF1
MRE11,JUN
ARGLU1,JUN
ZBTB17,UBE2H
ZBTB17,TP53
ZBTB17,TOPBP1
ZBTB17,MYCN
ZBTB17,HUWE1
ZBTB17,ZBTB8A
ZBTB17,APBB2
ZBTB17,HSP90AB1
ZBTB17,DIS3
ZBTB17,HSP90AA1
ZBTB17,MYC
ZBTB17,EP300
SPANXN3,ZNF76
SPANXN3,ZNF143
GLYCTK,REL
DHX40,JUN
TMEM214,JUN
ILKAP,JUN
TRIM3,DNMT1
PDGFRB,FOXK1
POTEKP,JUN
PPA1,JUN
TPM3,JUN
TPM1,JUN
TPM1,JUND
ETF1,JUN
FOXB1,SATB1
FBXW7,JUN
PPAN,JUN
GKAP1,HIF1A
DCXR,JUN
LYSMD1,TCF12
NFYB,AGTRAP
NFYB,TP53
NFYB,POLE4
NFYB,SH3GLB1
NFYB,TP73
NFYB,NFYC
NFYB,MAOB
NFYB,NFYA
NFYB,GRB2
NFYB,LAMP2
NFYB,CCK
NFYB,DRAP1
NFYB,EP300
NFYB,MEOX2
SMARCA1,JUN
SMARCA1,FOXJ2
SMARCA1,BCL11A
SMARCA2,JUN
GOLGA6L9,GTF2B
GOLGA6L9,VEZF1
GOLGA6L9,ZNF557
FYN,HMGA1
TOR1A,PRDM1
CCT6A,JUN
RUFY1,FOSL2
FCGR2A,NFYC
NLE1,JUN
OLA1,JUN
CYTH1,FOSL2
CYTH3,FOSL2
CYTH2,FOSL2
CYTH4,FOS
AGR2,CREB1
AGR2,VEZF1
AGR2,NRF1
OCC1,REL
CANT1,ATF6B
CKB,JUN
DCC,MAZ
DCX,IKZF1
CUL5,ZNF846
CUL5,IRF4
CUL5,JUN
CUL7,HMGA1
CUL1,YBX1
CUL2,YBX1
CUL2,RELA
CUL2,HIF1A
CUL3,YBX1
CUL3,GTF2I
TRIM28,JUN
TRIM28,ZNF354A
TRIM28,DNMT1
TRIM28,HIF1A
TRIM28,ZNF274
TRIM28,ZNF333
TRIM28,ZNF460
PNKP,IKZF1
PNKP,FOXO3
TRIM24,ATF4
TRIM25,JUN
TRIM25,YBX1
TRIM27,REL
TRIM27,VEZF1
TRIM27,DNMT1
CREB1,HPS6
CREB1,GPS2
CREB1,H3-4
CREB1,TRPV5
CREB1,ERG28
CREB1,ZMYM2
CREB1,SMCO1
CREB1,IFNG
CREB1,TRIM22
CREB1,HIPK3
CREB1,FOXA1
CREB1,UBC
CREB1,ZBTB21
CREB1,RECQL5
CREB1,NFATC1
CREB1,NFATC2
CREB1,CRTC1
CREB1,CRTC2
CREB1,JUN
CREB1,ARV1
CREB1,UBE2I
CREB1,E7ETK2
CREB1,TP53
CREB1,RPS6KA5
CREB1,HOXD13
CREB1,TOX4
CREB1,CREM
CREB1,POLR2A
CREB1,FOXC2
CREB1,HDAC1
CREB1,HDAC2
CREB1,NIT2
CREB1,FOXE1
CREB1,C5ORF24
CREB1,LAX1
CREB1,ZNF35
CREB1,ZHX1
CREB1,RAB1A
CREB1,HMGA2
CREB1,HMGA1
CREB1,H2BC1
CREB1,EP300
CREB1,YAP1
CREB1,ARNT
CREB1,MTF2
CREB1,PIAS2
CREB1,PIAS1
CREB1,ZNF131
CREB1,HIVEP1
CREB1,TTF2
CREB1,JUND
CREB1,CTNNB1
CREB1,NFYA
CREB1,GTF2A1
CREB1,SMARCA4
CREB1,C14ORF1
CREB1,SUZ12
CREB1,ULK2
CREB1,NR3C1
CREB1,ORC6
CREB1,NFIC
CREB1,NFIA
CREB1,POGZ
CREB1,H3C1|H3C2|H3C3|H3C4|H3C6|H3C7|H3C8|H3C10|H3C11|H3C12
CREB1,FOXC1
CREB1,ATF6
CREB1,ATF1
KAT5,DNMT1
KAT5,IKZF3
ARCN1,JUN
ZNF514,YBX1
GAPDH,JUN
GAPDH,REL
GAPDH,NFYC
AEN,IKZF1
KIF9,IKZF3
KIF9,IKZF1
ANXA11,JUN
A0A024R8L2,REL
A0A024R8L2,TCF12
A0A024R8L2,IKZF3
A0A024R8L2,KLF4
SLC39A13,REL
HSPA4L,JUN
RPUSD4,FOS
MRPL4,JUN
MRPL2,JUN
MRPL1,JUN
MRPL9,ZNF22
ZNF611,VIRMA
ATP5PO,JUN
ATP5PO,ZNF76
SLC3A2,JUN
ATP5PB,JUN
EIF4EBP1,REL
BAG2,RELA
BAG3,RUNX1
BAG1,NR3C1
BAG6,YBX1
BAG6,CREM
BAG4,RUNX1
SH2D1A,FOS
SH2D1A,ATF3
MSRB3,REL
MEOX2,RELA
MEOX2,SATB1
MEOX2,FOSL2
MEOX2,IKZF1
TPR,JUN
TCAP,IKZF3
TCAP,RELA
MYL12A,JUN
CKMT2,NRF1
MRPS14,JUN
RFPL4B,ZNF281
TMPO,JUN
FMR1,JUN
FMR1,TGIF1
PRDM9,YBX1
NAP1L1,JUN
NAP1L4,JUN
HSP90AA5P,JUN
COL1A2,FOXO1
NAB1,EGR1
CDK2AP1,BCL11A
CDK2AP2,IKZF1
TRPS1,NFATC1
TRPS1,FOXJ2
NUCB1,REL
HSP90AB1,PRDM1
HSP90AB1,RELA
HSP90AB1,STAT2
HSP90AB1,HIF1A
HSP90AB1,JUN
HSP90AB1,HMGA1
HSP90AB1,ATF3
HSDL2,JUN
PTP4A3,GTF2I
ZSCAN25,ZSCAN22
ZSCAN20,ZSCAN22
ZSCAN20,ZSCAN30
ZSCAN20,ZNF394
ZSCAN21,ZSCAN22
ZSCAN22,ZNF174
ZSCAN22,ZSCAN18
ZSCAN22,SPRED1
ZSCAN22,GTF3C3
ZSCAN22,ZNF496
ZSCAN22,PRPF31
ZSCAN22,GTF2B
ZSCAN22,NEXN
ZSCAN22,ZNF263
ZSCAN22,ZSCAN23
ZSCAN22,BYSL
ZSCAN22,SCAND1
ZSCAN22,ZNF24
ZSCAN22,ZNF444
ZSCAN22,ZNF446
ZSCAN22,TLK1
ZSCAN22,GFAP
ZSCAN22,KCTD19
ZSCAN22,ZNF483
ZSCAN22,ZNF449
ZSCAN22,ZGPAT
ZSCAN22,DMWD
ZSCAN22,ZSCAN32
ZSCAN22,ZNF397
MRPS9,JUN
MRPS7,JUN
MRPS2,JUN
PA2G4,JUN
EIF4G1,JUN
NR1I3,FOS
GRB2,REL
GRB2,ZNF274
GRB2,IKZF3
ULBP3,FOS
GRB7,TCF12
HOXC9,POU2F1
HOXC8,IKZF3
SSU72,FOS
LSM8,GTF2I
ZSCAN5A,HMGA1
CHAT,GATA3
CHAT,RELA
CHAT,JUNB
C19ORF25,FOS
POLR2E,JUN
POLR2E,GTF2B
POLR2E,FOS
POLR2G,GTF2B
POLR2G,FOSL2
POLR2F,GTF2B
POLR2A,CTCF
POLR2A,GTF2B
POLR2C,JUN
POLR2B,GTF2B
POLR2L,REL
POLR2H,GTF2B
POLR2J,GTF2B
USP54,ZNF148
USP54,ZNF76
USP51,ZEB1
BATF3,STAT3
BATF3,JUN
BATF3,JUNB
BATF3,ATF3
AGO1,RELA
AGO2,YBX1
GAMT,FOS
VBP1,VEZF1
VBP1,IKZF3
ZSCAN30,ZNF444
ZSCAN30,ZNF446
ZSCAN30,RNPS1
ZSCAN30,ZSCAN32
ZSCAN30,ZNF397
FAM120A,YBX1
MAPK14,RELA
MAPK14,MAZ
MAPK14,FOXK1
MAPK14,MEF2A
MAPK14,MEF2D
MAPK10,JUN
MAPK10,RELA
MAPK12,GTF2I
ZNF518A,HIF1A
SRARP,NRF1
JDP2,JUNB
JDP2,JUN
JDP2,ATF4
PICK1,MAZ
PICK1,DNMT1
PICK1,REL
PICK1,VEZF1
KIF20A,YBX1
KIF20A,ZNF281
KIF20A,HMGA1
MKI67,JUN
MCC,ZNF543
ANKHD1,JUN
ANKHD1,FOS
ANKHD1,FOSL2
BCL2L15,REL
ZNF557,STX1A
ZNF557,CCDC125
ZNF557,STAT3
ZNF557,CCNDBP1
ZNF557,SUV39H2
ZNF557,PRMT6
ZNF557,SNCA
ZNF557,SUV39H1
ZNF557,MTUS2
ZNF557,CEP70
ZNF557,ATXN1
ZNF550,REL
MSX2,VEZF1
MSX2,NR3C1
MSX2,POU2F2
SIN3B,BCL11A
SIN3B,IKZF1
SIN3A,FOXK1
SIN3A,IKZF1
SIN3A,BCL11A
SIN3A,REST
SIN3A,TGIF1
ALDH1B1,JUN
HPRT1,JUN
RPL26L1,JUN
RPL26L1,ZNF22
RPL38,JUN
RPL35,JUN
RPL30,JUN
RPL30,FOSL2
RPL31,JUN
ATF4,BATF
ATF4,FBXW11
ATF4,REPS1
ATF4,AP1M1
ATF4,JUNB
ATF4,SNAP29
ATF4,RPS6
ATF4,MAP2K7
ATF4,ATF3
ATF4,TRIB3
ATF4,NFE2L2
ATF4,NDC80
ATF4,CEP83
ATF4,LDOC1
ATF4,CREBZF
ATF4,GOLGA8DP
ATF4,GPS2
ATF4,ASB7
ATF4,CCDC106
ATF4,TREX2
ATF4,NFE2L1
ATF4,JUN
ATF4,NAP1L5
ATF4,PRPF40A
ATF4,DISC1
ATF4,GTF2A1L
ATF4,GOLGA1
ATF4,SAPCD2
ATF4,CASP6
ATF4,ZNF226
ATF4,FOS
ATF4,HK3
ATF4,GOLGA8F|GOLGA8G
ATF4,UBC
ATF4,SH3GLB1
ATF4,APH1A
ATF4,EXOC1
ATF4,LAMP2
ATF4,CEBPG
ATF4,EP300
ATF4,CEBPA
ATF4,EGLN3
ATF4,F8WCX0
ATF4,BTRC
ATF4,TTR
ATF4,MAF
ATF4,CKAP4
ATF7,FOS
ATF7,JUN
ATF7,MEF2A
ATF7,FOSL2
ATF6,NFYC
ATF6,ATF6B
ATF1,NFATC1
ATF1,JUN
SMARCC2,NFATC1
SMARCC2,JUN
SMARCC2,FOS
SMARCC1,JUN
SMARCC1,RUNX1
SMARCC1,FOS
SMARCC1,NR3C1
SUMO1,NR3C1
SUMO1,HIF1A
SUMO1,EGR1
SUMO1,JUN
SUMO1,FOS
SUMO1,MEF2A
SUMO1,ETV6
SUMO1,IKZF3
SUMO1,SATB1
TMCO1,JUN
PSPC1,JUN
LHX4,ZNF76
PTGER3,REL
PDHX,JUN
CXCL10,RELA
CXCL14,REL
MTREX,JUN
YBX1,MOV10
YBX1,NCBP1
YBX1,NCBP2
YBX1,NCBP3
YBX1,USP10
YBX1,IGF2BP2
YBX1,H1-2
YBX1,ZC3HAV1
YBX1,MYC
YBX1,YAP1
YBX1,PXN
YBX1,MRPL30
YBX1,GSK3B
YBX1,DDX6
YBX1,UBC
YBX1,YBX3
YBX1,ATXN2L
YBX1,MRPL21
YBX1,PABPC1
YBX1,PABPC3
YBX1,MATR3
YBX1,DHX30
YBX1,JUN
YBX1,SRP14
YBX1,JAM2
YBX1,MRPL17
YBX1,MRPL18
YBX1,MRPL19
YBX1,DAP3
YBX1,TP53
YBX1,ESR1
YBX1,HNRNPA2B1
YBX1,PCID2
YBX1,RPAP2
YBX1,SORT1
YBX1,EIF4A3
YBX1,SSB
YBX1,ACTC1
YBX1,KIF14
YBX1,RPS2
YBX1,NEDD8
YBX1,HNRNPR
YBX1,C1QBP
YBX1,RPL6
YBX1,HNRNPL
YBX1,HNRNPC
YBX1,HNRNPD
YBX1,PABPC4
YBX1,IGF2BP1
YBX1,UBE2V2
YBX1,COPS5
YBX1,TARDBP
YBX1,STAU1
YBX1,ZCRB1
YBX1,DUSP1
YBX1,METTL14
YBX1,CDK9
YBX1,LARP1
YBX1,BIRC3
YBX1,EZH2
YBX1,PRC1
YBX1,YWHAZ
YBX1,NFX1
YBX1,ECT2
YBX1,GABARAPL2
YBX1,PRPF19
YBX1,NOP56
YBX1,APEX1
YBX1,VIRMA
YBX1,MAP3K14
YBX1,TRA2B
YBX1,TRAF6
YBX1,ANLN
YBX1,LSM3
YBX1,MCM5
YBX1,LCP2
YBX1,LRRC59
YBX1,NPM1
YBX1,CAND1
YBX1,CASP8
YBX1,PURA
YBX1,CUL4B
YBX1,G3BP1
YBX3,JUN
AFDN,JUN
CHIC2,REL
UACA,HIF1A
UACA,REL
MRPL18,JUN
ZIC1,REL
BICRAL,NFYC
BICRAL,NRF1
ING4,RELA
ING5,IKZF3
WDFY3,STAT3
GFPT1,JUN
INA,JUN
DYNC1LI1,REL
SNIP1,POU2F1
ANKRD36,IKZF1
ANKRD37,ZNF76
GLS,ATF6B
NCOA3,RELA
NCOA3,NR3C1
NCOA6,NR3C1
Q96BA4,REL
RIF1,JUN
RIF1,TGIF1
RIF1,ATF3
EGFR,STAT3
EGFR,STAT2
EGFR,NR3C1
ZNF638,JUN
AK2,JUN
AK4,ATF6B
PABPN1,JUN
WDR83,ZNF76
WDR83,JUN
ERH,CTCF
ZNF398,ZNF783
TRA2A,ZNF22
TRA2B,JUN
BRMS1L,FOXK1
BRMS1L,BCL11A
BTRC,RELA
BTRC,REST
A1CF,REL
IMPDH2,STAT3
IMPDH2,JUN
TMEM185A,FOS
DNTTIP1,FOXJ2
MTMR4,FOXK1
MTMR4,ZNF548
MTMR1,FOS
CHUK,RELA
TSC22D3,REL
UBA52,JUN
EXOSC9,JUN
BCKDK,STAT3
EXOSC2,JUN
EXOSC3,JUN
EXOSC1,REL
EXOSC1,ZNF143
EXOSC1,ZNF76
EXOSC6,JUN
EXOSC7,JUN
EXOSC5,IKZF3
EXOSC5,REL
ADAMTSL4,FOS
TULP3,GTF2I
DISC1,ZNF76
INCENP,JUN
DEPDC7,GTF2B
DEPDC5,JUN
EEF1E1,JUN
ELOB,JUN
ELOB,HIF1A
NOC2L,JUN
FANCG,IKZF3
HNRNPAB,JUN
FANCL,IKZF3
HNRNPA3,JUN
HNRNPA0,JUN
HNRNPA1,JUN
HNRNPA1,NR3C1
RACK1,HIF1A
RACK1,JUN
LRRFIP2,STAT3
IRS4,JUN
IRS4,RELA
TFIP11,JUN
HOXA7,JUNB
CDK1,HIF1A
CDK1,JUN
CDK1,HMGA1
CDK6,HIF1A
IGLL5,JUN
TIMM50,RELA
TIMM50,JUN
HSPD1,JUN
PRKCZ,RELA
TSGA10IP,IKZF3
SCRIB,FOXK1
H3C1|H3C2|H3C3|H3C4|H3C6|H3C7|H3C8|H3C10|H3C11|H3C12,DNMT1
H3C1|H3C2|H3C3|H3C4|H3C6|H3C7|H3C8|H3C10|H3C11|H3C12,ELF2
WWP2,STAT3
WWP1,KLF2
PRMT6,FOSL2
PRMT6,HMGA1
PRMT6,LEF1
MKS1,RELA
CCDC93,THAP11
CCDC93,JUN
ZNF571,VIRMA
ZNF572,REL
TRPV5,STAT3
E5RJ89,HIF1A
RPL14,ZNF770
RPL14,JUN
RPL14,ZNF22
RPL14,FOSL2
RPL15,JUN
RPL17,JUN
RPL10,JUN
RPL10,GTF2B
RPL11,JUN
RPL11,STAT3
RPL12,JUN
RPL13,RELA
RPL13,JUN
RPL19,JUN
SYK,STAT3
CXCL8,EGR1
CXCL8,JUN
CXCL8,RELA
INCA1,VEZF1
C18ORF25,JUN
AP2S1,JUN
STK40,FOS
STK40,JUN
STK40,JUNB
STK40,FOSL2
PSMB8,REL
PHKA2,FOXK1
UBA1,JUN
PWP1,NFYA
PWP1,JUN
UBE2I,ETV6
UBE2I,VEZF1
UBE2I,CREM
UBE2I,SATB1
UBE2I,POU2F1
UBE2I,HIF1A
UBE2I,JUN
UBE2I,FOS
UBE2I,NR3C1
UBE2I,IKZF1
UBE2I,IKZF3
UBE2K,REL
UBE2M,JUN
NAA10,HIF1A
UBE2Z,REL
LIPT1,STAT2
GMCL2,BCL11A
GMCL2,IKZF1
KRTAP13-2,GATA3
PNO1,KLF6
MORF4L2,REL
MORF4L2,IKZF1
MORF4L2,BCL11A
MORF4L2,FOXO1
NDUFA6,JUN
NDUFA9,JUN
RPLP0P6,JUN
RPLP0P6,RELA
TBL1XR1,FOXK1
IL6,RELA
SAT1,RELA
SAT1,REL
SAT1,JUNB
DTX2,IKZF3
UFM1,JUN
BIRC3,GTF2I
BIRC3,DNMT1
EIF6,JUN
ANKRD11,IKZF1
TMEM37,SPIB
NUTM2F,NFYC
NUTM2F,ZNF148
SNRNP200,JUN
ELOC,HIF1A
POGZ,ZNF76
POGZ,ZNF143
POGZ,VEZF1
POGZ,FOXJ2
POGZ,NRF1
POGZ,NFYC
POGZ,NFYA
POGZ,POU2F1
GSTCD,STAT3
SP100,TCF12
SP100,CTCF
SP100,ZNF281
SP100,CREM
SP100,BCL11A
SP100,ETS1
TIMP3,JUN
PARS2,JUN
EPO,HIF1A
LYZ,JUN
LYN,STAT3
PSORS1C2,REL
C9ORF72,REL
DDX6,IKZF1
DDX6,JUN
DDX6,TCF12
DDX6,REL
DDX1,JUN
MYO15B,TCF12
MYO15B,REL
MYO15B,IKZF3
MYO15B,KLF4
HLA-A,STAT3
NFKBIA,RELA
NFKBIA,REL
HLA-E,ATF6B
NFKBIZ,STAT3
ARID4A,FOXK1
ARID4B,FOXK1
ARID4B,BCL11A
HAUS6,JUN
HAUS6,THAP11
UBXN4,BCL11A
DLX5,FOXJ2
DLX5,FOXO1
MYD88,IRF4
NACA,JUN
OTUD4,REL
SEC23A,JUN
TNFAIP1,FOS
IPO8,JUN
IPO9,JUN
SMCHD1,JUN
SDCBP,REL
SDCBP,IKZF1
MARS1,JUN
MARS1,RELA
STOX1,NFYC
STOX1,POU2F1
FOXN3,KBTBD7
FOXN3,HRNR
FOXN3,FOXR2
FOXN3,CHSY3
FOXN3,CHSY1
FOXN3,EXOSC8
FOXN3,VIRMA
FOXN3,SRPK2
NIFK,ZNF770
NIFK,JUN
PAQR7,STAT3
MMTAG2,JUN
CRNKL1,JUN
CTDSP1,REST
NXT2,REL
NXT2,IKZF3
NXT2,STAT3
CSE1L,JUN
TRIB1,FOS
TRIB1,FOSL2
ACSL3,JUN
SP8,ZNF519
ACAD11,JUN
SGF29,TCF12
FAAP20,REL
RAD21,CTCF
ANLN,GTF2I
ANLN,HMGA1
ANLN,NR3C1
ADGRF5,NFYC
USP11,JUN
NR2E1,BCL11A
USP15,SOX4
SSBP1,JUN
USP18,STAT2
CRKL,JUN
TYK2,ZNF333
ARHGEF19,MAZ
NEUROD1,TCF12
DHX29,JUN
CEP76,VEZF1
CEP76,ZNF76
CEP76,NFYC
CEP70,ZNF148
ZNF770,RPL8
ZNF770,NOL12
ZNF770,USP20
FBXW11,ZNF281
FBXW11,RELA
FBXW11,REST
TDO2,REL
CHCHD2,REL
CHCHD2,IKZF3
CHCHD3,JUN
MST4,IKZF3
NR2E3,NR3C1
CCL19,RELA
TCAF1,NFYA
TCAF1,IKZF3
TCAF1,ZNF143
PSIP1,JUN
MTHFD1L,JUN
MYH10,JUN
MYH10,RELA
MYH11,JUN
MYH14,DNMT1
MYH14,JUN
SMG9,REL
ZNF22,MRPL30
ZNF22,APP
ZNF22,MRPS18A
ZNF22,ZNF624
ZNF22,DDX52
ZNF22,PRR11
ZNF22,H1-2
ZNF22,H1-1
ZNF22,ZNF808
ZNF22,NPM1
RET,STAT3
TRIM74,REL
RTRAF,JUN
REL,TRAPPC2L
REL,RAB41
REL,ACTG1
REL,HSPA5
REL,PGAP6
REL,VIRMA
REL,HSPA9
REL,HSPA8
REL,STK16
REL,COL8A1
REL,FKBP5
REL,AKT2
REL,RTL8C
REL,IRF4
REL,ZNF76
REL,HSP70-1
REL,FHIT
REL,PCYT2
REL,RAD51D
REL,HSPA1L
REL,SAMD11
REL,EML2
REL,HIF1AN
REL,PRPF31
REL,RAD23A
REL,C1ORF50
REL,RABIF
REL,RELB
REL,RELA
REL,CACNA1S
REL,CTNNA3
REL,MAPRE3
REL,B2R8Y4
REL,ATPAF2
REL,CDKN2C
REL,CDKN2D
REL,WNK3
REL,BZRAP1
REL,ZNF446
REL,R3HDM2
REL,TNIP2
REL,THOC1
REL,SEC14L4
REL,CSNK2A1
REL,MAP3K7CL
REL,RBM39
REL,SLC41A3
REL,NME7
REL,BARHL2
REL,MENT
REL,TSEN15
REL,SLC6A12
REL,C1ORF74
REL,LMO1
REL,SNRNP25
REL,POP5
REL,CCNC
REL,TTC21A
REL,TTC19
REL,TUBB4A
REL,CINP
REL,EMD
REL,DMRT3
REL,PATE1
REL,NDUFAF3
REL,NFKBIB
REL,NMRK1
REL,NFKBIE
REL,POLR1A
REL,EXOSC8
REL,UBASH3A
REL,TSPOAP1
REL,PRKAB2
REL,MIPOL1
REL,GPKOW
REL,TCP11L1
REL,FHL2
REL,KRTAP9-4
REL,NR2C2AP
REL,SPATC1L
REL,TBC1D21
REL,SCNM1
REL,UBE2D4
REL,TNS2
REL,FNDC3B
REL,MRPL10
REL,TMEM268
REL,PLCB4
REL,PLEKHN1
REL,MB21D2
REL,ARNT2
REL,EGLN3
REL,ZNF564
REL,DNTT
REL,HAT1
REL,PELI2
REL,TUBB
REL,RIPPLY1
REL,KLHL42
REL,WDR37
REL,RNF213
REL,NEIL2
REL,CEP19
REL,EIF4A3
REL,ATXN1
REL,CD40LG
REL,HDAC7
REL,EIF3D
REL,MED4
REL,SPRY1
REL,HNRNPH1
REL,BANP
REL,QARS1
REL,KCTD7
REL,KIAA0100
REL,CYB5R2
REL,NEDD9
REL,GRAP
REL,C1QBP
REL,PAPOLA
REL,EHHADH
REL,CIB3
REL,PSMA1
REL,ZNF765
REL,FUT11
REL,PSMA4
REL,RSPH14
REL,NFKB1
REL,NFKB2
REL,PM20D2
REL,HNRNPF
REL,MVP
REL,SZT2
REL,ZBED8
REL,ASMTL
REL,SEC31A
REL,PRKN
REL,DEF6
REL,NOL9
REL,ATP6V0D2
REL,LASP1
REL,EP300
REL,PIH1D2
REL,ATG9A
REL,GADD45G
REL,LMO2
REL,OSGIN1
REL,EIF3A
REL,PARVG
REL,TRAPPC6A
REL,ADRB2
REL,AGPAT4
REL,LENG1
REL,HLA-DOA
REL,CHAF1A
REL,NABP1
REL,HSD17B14
REL,MAD2L2
REL,ELF1
REL,NECAP1
REL,KCTD6
REL,HSPA6
REL,MAGOHB
REL,FLAD1
REL,MORF4L1
REL,NDE1
REL,NOXA1
REL,TXNL4B
REL,COL20A1
REL,OTUB2
REL,UBASH3B
REL,CPNE7
REL,TSR3
REL,CLIP1
REL,KLHL40
REL,KLHL32
REL,L3MBTL2
REL,EIF5A
REL,POLE2
REL,TSTD2
REL,ARFIP2
REL,ESRRA
REL,CENPX
REL,REXO1L1P
REL,FAM90A1
REL,LSM2
REL,PADI3
REL,FLNA
REL,ARMC7
REL,ZDHHC24
REL,NAGK
REL,OSTF1
REL,TCL1A
REL,FOXO4
REL,NCK2
REL,TBC1D22B
REL,CCNJL
REL,OAZ3
REL,TLX3
REL,A8K5H9
REL,ATP6V1C2
REL,MID2
REL,MMP2
REL,CFAP206
TRIM72,TCF12
LEF1,ZBTB3
LEF1,EGR1
LEF1,CTNNB1
LEF1,MITF
LEF1,NLK
RPS10P5,JUN
RBM4,JUN
RBM4,FOS
RPL23A,JUN
CAD,JUN
CAD,RELA
NUDC,JUN
NUDC,PRDM1
PELO,JUN
MRS2,JUN
CA8,STAT3
CA2,JUN
ARSJ,JUN
RBMX,JUN
AKIP1,RELA
DDX39A,JUN
STRAP,JUN
CBFB,RUNX1
PUF60,JUN
KIFC3,IKZF3
KIFC3,ZNF180
PAFAH1B2,STAT3
SFN,RELA
SFN,FOXO1
ACTB,JUN
NCKAP5L,THAP11
ADAR,JUN
SF3A1,JUN
SF3A2,JUN
SF3A2,VEZF1
SF3A3,JUN
ZNF180,KIF1B
ZNF180,PRPS1
ZNF180,NEFL
ZNF180,CARD10
ZNF180,SPRED1
ZNF180,CIB3
ZNF180,WFS1
ZNF180,DMWD
ALYREF,JUN
TCERG1,JUN
TCERG1,FOXJ2
ZNF232,FOS
INTS12,FOXJ2
SNCA,ATF3
RANBP9,JUN
RANBP1,JUN
RANBP2,JUN
TXN2,RELA
AGAP3,JUN
ARNT,HIF1A
ARNT,RELA
ARNT,AHR
QARS1,JUN
QARS1,TCF12
QARS1,IKZF1
YWHAZ,FOXO1
YWHAZ,JUN
YWHAZ,FOXO3
YWHAZ,NR3C1
COMMD10,FOS
NOP58,JUN
NOP56,JUN
YWHAH,FOXO3
YWHAH,NR3C1
ETS1,TP53
ETS1,SMIM40
ETS1,SUMO2
ETS1,JUN
ETS1,PARP1
ETS1,FOXO1
ETS1,CHI3L2
ETS1,PIAS4
ETS1,UBC
ETS1,ATP2B1
ETS1,NFKB2
ETS1,PKM
ETS1,TDP2
YWHAB,FOXK1
YWHAB,JUN
YWHAB,FOXO1
YWHAB,FOXO3
YWHAG,FOXO1
YWHAE,JUN
YWHAE,DNMT1
YWHAE,THAP11
YWHAE,FOXO3
CKAP5,JUN
MMP1,FOS
SATB1,HDAC1
SATB1,FOXP3
SATB1,FOXP1
SATB1,FOXG1
SATB1,FOXE1
SATB1,FOXO1
SATB1,TEAD2
SATB1,CBX4
SATB1,TOPORS
SATB1,RBPJ
SATB1,JUN
SATB1,VIRMA
SATB1,SUMO1P1
SATB1,SATB2
SATB1,FOXA1
SATB1,PIAS3
SATB1,PIAS1
SATB1,PIAS4
SATB1,FOXC2
SATB1,FOXC1
CAPRIN1,JUN
CBFA2T2,RUNX1
IRF2BP2,NFATC2
IRF2BP2,FOSL2
IRF2BP1,FOSL2
VRK1,JUN
IRF2BPL,FOSL2
TNIP2,RELA
TNIP1,GTF2B
SHMT2,JUN
SHMT1,JUN
MORN4,TCF12
RUNX2,FOS
RUNX2,JUN
RUNX1,HDAC1
RUNX1,HDAC3
RUNX1,VPS37C
RUNX1,FAM222B
RUNX1,FBXO17
RUNX1,NFKBID
RUNX1,TEKT5
RUNX1,TEAD2
RUNX1,ELF2
RUNX1,SMARCA4
RUNX1,NCOR2
RUNX1,TEAD4
RUNX1,STUB1
RUNX1,DNMT1
RUNX1,JUN
RUNX1,CBFA2T3
RUNX1,RBM14
RUNX1,PML
RUNX1,MYC
RUNX1,HDAC2
RUNX1,TAL1
RUNX1,TCF3
RUNX1,FOS
RUNX1,SUV39H1
RUNX1,HGS
RUNX1,VIRMA
RUNX1,OLIG3
RUNX1,YAP1
RUNX1,ELF4
RUNX1,UBC
RUNX1,KAT6A
RUNX1,CCNK
ATAD3A,JUN
HHIPL1,NRF1
RRP1,JUN
UHRF1BP1,FOXK1
UHRF1BP1,JUN
HSPH1,JUN
HSPH1,RELA
UBAP2L,JUN
JUN,HSPA2
JUN,NCBP1
JUN,HSPA5
JUN,HSPA4
JUN,NELFB
JUN,HSPA9
JUN,HSPA8
JUN,HSPA6
JUN,CRBN
JUN,ABCD3
JUN,DHX8
JUN,PPP2R2A
JUN,HNRNPDL
JUN,PRPH
JUN,CTBP2
JUN,GTF3C1
JUN,GTF3C5
JUN,APOA2
JUN,XPO1
JUN,H2AZ2
JUN,XPOT
JUN,PYM1
JUN,GART
JUN,SERBP1
JUN,NOL6
JUN,SRPK1
JUN,SRPK2
JUN,NIPSNAP2
JUN,ADARB1
JUN,CDC42
JUN,CHAF1A
JUN,CHAF1B
JUN,PPP2R2D
JUN,FIP1L1
JUN,NOLC1
JUN,RPS26P11
JUN,EWSR1
JUN,RPN1
JUN,RPN2
JUN,PES1
JUN,ASB7
JUN,C7ORF50
JUN,CIRBP
JUN,HDGF
JUN,MRPL37
JUN,MRPL32
JUN,MRPL38
JUN,MRPL39
JUN,RRS1
JUN,TBL2
JUN,TBL3
JUN,THOC2
JUN,THOC6
JUN,APP
JUN,DBT
JUN,COPS2
JUN,COPS3
JUN,PGAM1
JUN,COPS4
JUN,COPS5
JUN,YTHDF2
JUN,YTHDF1
JUN,TKT
JUN,DLD
JUN,PHLDB3
JUN,ATP5F1B
JUN,ATP5F1C
JUN,PFN1
JUN,MEF2A
JUN,SSB
JUN,RPLP2
JUN,RPLP1
JUN,RPLP0
JUN,TEX10
JUN,SPOUT1
JUN,CFAP20
JUN,SH3D21
JUN,RPS6KB2
JUN,UTP15
JUN,THYN1
JUN,ETFA
JUN,LETMD1
JUN,RPS4X
JUN,TRIR
JUN,ATXN2L
JUN,DLST
JUN,TCP1
JUN,KTN1
JUN,PRDX4
JUN,PRDX3
JUN,PRDX2
JUN,PRDX1
JUN,NFYA
JUN,SMARCA4
JUN,RAB1A
JUN,MRPS18A
JUN,VASP
JUN,DCAF7
JUN,DCAF6
JUN,RBM4B
JUN,TXNDC5
JUN,GPS1
JUN,IGF2BP2
JUN,DNMT1
JUN,H1-2
JUN,H1-0
JUN,H1-1
JUN,SLC25A3
JUN,SLC25A1
JUN,PRMT1
JUN,SLC25A6
JUN,SLC25A4
JUN,MTPAP
JUN,KIF5A
JUN,KIF5B
JUN,HIF1A
JUN,C1ORF131
JUN,ACADM
JUN,PPM1G
JUN,IARS1
JUN,ABCF2
JUN,MAFF
JUN,AATF
JUN,CHEK1
JUN,UMPS
JUN,CDK11A
JUN,RPUSD3
JUN,PTPN1
JUN,BANP
JUN,RPS7
JUN,RPS6
JUN,RPS5
JUN,RPS3
JUN,RPS2
JUN,ARRB1
JUN,VDAC2
JUN,VDAC1
JUN,RPS9
JUN,RPS8
JUN,PSMA2
JUN,PSMA6
JUN,PSMA7
JUN,PSMA4
JUN,DSG2
JUN,RPSA
JUN,CSNK2B
JUN,TOP1
JUN,AP3B1
JUN,RPL29
JUN,RPL28
JUN,RPL24
JUN,RPL27
JUN,RPL26
JUN,RPL21
JUN,RPL23
JUN,RPL22
JUN,SMARCB1
JUN,PPP1CB
JUN,PPP1CC
JUN,PPP1CA
JUN,CANX
JUN,SMAP1
JUN,MRPS5
JUN,PPP2CA
JUN,EEF1G
JUN,EEF1D
JUN,H4C1|H4C2|H4C3|H4C4|H4C5|H4C6|H4C8|H4C9|H4C11|H4C12|H4C13|H4C14|H4C15|H4-16
JUN,RPL8
JUN,RPL6
JUN,RPL7
JUN,RPL4
JUN,RPL5
JUN,RPL3
JUN,FEN1
JUN,LUC7L
JUN,MRPL15
JUN,MRPL19
JUN,ARPC4
JUN,ANKRD26
JUN,BATF2
JUN,AIFM1
JUN,GOPC
JUN,GRPEL1
JUN,PAXBP1
JUN,TRIM33
JUN,TES
JUN,JUNB
JUN,JUND
JUN,PRPF19
JUN,HADHA
JUN,ADRM1
JUN,LRRC59
JUN,DIS3
JUN,RPL36
JUN,RPL34
JUN,EMG1
JUN,DKC1
JUN,SDHA
JUN,SDHB
JUN,SLC4A1AP
JUN,ATF3
JUN,ATF2
JUN,MOV10
JUN,SUMO2
JUN,GRWD1
JUN,METTL17
JUN,IFNG
JUN,SRP14
JUN,TUBB4B
JUN,TUBB4A
JUN,CAPZB
JUN,POLR1C
JUN,STIP1
JUN,WDR43
JUN,WDR46
JUN,AHSA1
JUN,MRI1
JUN,GTF2I
JUN,HOXB9
JUN,RING1
JUN,RRP12
JUN,PRKDC
JUN,NCOA1
JUN,PHAX
JUN,NR2F6
JUN,DDB1
JUN,CAPZA1
JUN,RAB33B
JUN,GEMIN4
JUN,GEMIN5
JUN,PRKD1
JUN,LARS1
JUN,EIF2S1
JUN,EIF2S3
JUN,EIF2S2
JUN,DDX17
JUN,PMPCB
JUN,DDX18
JUN,PSMC3
JUN,PSMC4
JUN,PSMC5
JUN,PSMC6
JUN,HEATR3
JUN,HEATR1
JUN,MDC1
JUN,SFSWAP
JUN,H2BC4|H2BC6|H2BC7|H2BC8|H2BC10
JUN,TRIP12
JUN,MT-CO2
JUN,GNL3
JUN,EIF3L
JUN,EIF3M
JUN,EIF3A
JUN,EIF3B
JUN,EIF3C
JUN,EIF3D
JUN,EIF3E
JUN,EIF3F
JUN,NOL11
JUN,BARD1
JUN,UQCRFS1P1
JUN,NOMO1
JUN,PHGDH
JUN,SLC25A5
JUN,NFATC1
JUN,RPL37A
JUN,NFATC4
JUN,NAT14
JUN,EXOSC8
JUN,CCAR2
JUN,MTDH
JUN,AP2B1
JUN,RRBP1
JUN,RALY
JUN,SRRT
JUN,MRPS35
JUN,ALKBH5
JUN,GARS1
JUN,MRPS31
JUN,RCOR1
JUN,HNRNPL
JUN,SET
JUN,DNAJB1
JUN,DNAJB4
JUN,GPATCH11
JUN,RCL1
JUN,MRPS18B
JUN,CHAMP1
JUN,PHB2
JUN,SF3B4
JUN,MSH2
JUN,SF3B6
JUN,SF3B1
JUN,SF3B3
JUN,SF3B2
JUN,COP1
JUN,DNAJC13
JUN,EDF1
JUN,COPA
JUN,SUPT16H
JUN,GSTP1
JUN,ADD3
JUN,ADD1
JUN,TMED10
JUN,PRPF31
JUN,LUC7L3
JUN,LUC7L2
JUN,ZNF207
JUN,IDH2
JUN,MFAP1
JUN,INPP5B
JUN,IGHA1
JUN,MATR3
JUN,ECH1
JUN,FOS
JUN,SFPQ
JUN,PWP2
JUN,HYOU1
JUN,RPS15A
JUN,UPF1
JUN,UPF2
JUN,IL1B
JUN,SRPRB
JUN,H2BC20P
JUN,WBP11
JUN,TP53
JUN,TARDBP
JUN,FARSB
JUN,FARSA
JUN,BLMH
JUN,TTF2
JUN,CBR1
JUN,ANXA2
JUN,MCM7
JUN,MCM5
JUN,MCM3
JUN,MCM2
JUN,RO60
JUN,NOC3L
JUN,HADHB
JUN,PSMC1
JUN,TRMT61A
JUN,DHX16
JUN,KIFAP3
JUN,DHX15
JUN,DDX31
JUN,GOT2
JUN,DDX3X
JUN,RANGAP1
JUN,LSG1
JUN,CWC15
JUN,IKBIP
JUN,EPRS1
JUN,TOMM22
JUN,TOP2B
JUN,TOP2A
JUN,NXF1
JUN,SART3
JUN,SART1
JUN,CMSS1
JUN,HOXD13
JUN,STON2
JUN,NUP155
JUN,RPL35A
JUN,CWF19L1
JUN,MAPK1
JUN,PPP1R12A
JUN,PPP1R12C
JUN,MAPK8
JUN,MAPK9
JUN,WTAP
JUN,COPS6
JUN,VPS35
JUN,C18ORF63
JUN,HSPA1L
JUN,IDH3B
JUN,HCFC1
JUN,FOXRED1
JUN,UFL1
JUN,USP10
JUN,NPM1
JUN,NPM3
JUN,HSPA14
JUN,ZC3HAV1L
JUN,UPF3B
JUN,DDX50
JUN,SCFD1
JUN,ANP32B
JUN,ANP32A
JUN,BYSL
JUN,RPF2
JUN,BTAF1
JUN,PRIM2
JUN,MRPL58
JUN,LARP1
JUN,VN1R5
JUN,ZNF687
JUN,FXR2
JUN,POP1
JUN,POP7
JUN,ACTA2
JUN,PDS5A
JUN,RPL7A
JUN,TIMM23B
JUN,PAICS
JUN,BLM
JUN,HOXC13
JUN,RNH1
JUN,ATXN2
JUN,AP3M1
JUN,SPI1
JUN,SMC3
JUN,SMC2
JUN,NMT1
JUN,HACD3
JUN,CPOX
JUN,ATP5F1A
JUN,WDR82
JUN,DYNC1I2
JUN,CAMK2D
JUN,MEF2D
JUN,EXOC4
JUN,RAD18
JUN,CENPF
JUN,TERF2IP
JUN,KIFC1
JUN,SCARB1
JUN,EIF2S3B
JUN,DHX30
JUN,DHX36
JUN,DHX37
JUN,DDX52
JUN,DDX56
JUN,DDX54
JUN,ZNF768
JUN,RNPS1
JUN,BUB3
JUN,EGLN1
JUN,IK
JUN,RPL7L1
JUN,CCDC47
JUN,SNRPA1
JUN,PRPF40A
JUN,MYH9
JUN,FBXO22
JUN,GNB1
JUN,VTN
JUN,GCN1
JUN,SATB2
JUN,RTCA
JUN,IQGAP1
JUN,RB1
JUN,PCMTD2
JUN,PCMTD1
JUN,ATAD3B
JUN,NBR1
JUN,DYNC1H1
JUN,TUBA4A
JUN,CALD1
JUN,CCNB1
JUN,CUL4A
JUN,IMMT
JUN,SYMPK
JUN,H3-4
JUN,ZC3HAV1
JUN,VRK3
JUN,ANKRD42
JUN,USP39
JUN,PHB
JUN,RNF187
JUN,RBBP6
JUN,HRAS
JUN,CC2D1A
JUN,RBM34
JUN,C11ORF98
JUN,RBM39
JUN,FAM98B
JUN,FAM98A
JUN,H2AC7
JUN,PARP1
JUN,H2AC1
JUN,ESR1
JUN,ATP6V1G1
JUN,PHF6
JUN,RPP30
JUN,FHL2
JUN,FHL3
JUN,VARS1
JUN,FHL1
JUN,PRDX6
JUN,RPS26
JUN,RPS24
JUN,RPS25
JUN,RPS23
JUN,RPS20
JUN,RPS28
JUN,RPS29
JUN,ALDH7A1
JUN,CSNK1A1
JUN,HSP90AB3P
JUN,GATAD2A
JUN,PPIB
JUN,PPIA
JUN,AIMP2
JUN,AIMP1
JUN,CORO1C
JUN,MDH2
JUN,MDH1
JUN,PIN1
JUN,FAU
JUN,HNRNPA2B1
JUN,ZYX
JUN,SNRNP40
JUN,ARID3B
JUN,NAA50
JUN,PURA
JUN,OAT
JUN,NOSIP
JUN,AHCYL1
JUN,ANAPC10
JUN,FLII
JUN,PIP
JUN,MYC
JUN,PRRC2B
JUN,P4HB
JUN,CHTOP
JUN,COG6
JUN,VIRMA
JUN,RAE1
JUN,TRMT1L
JUN,UBC
JUN,SPECC1L
JUN,ST13
JUN,KRI1
JUN,CMAS
JUN,LANCL1
JUN,PCBP2
JUN,PCBP1
JUN,NPEPPS
JUN,SIRT1
JUN,BRIX1
JUN,RBM27
JUN,RBM25
JUN,RBM22
JUN,RBM28
JUN,FNBP4
JUN,SLC32A1
JUN,HNRNPH1
JUN,HNRNPH3
JUN,HNRNPH2
JUN,F8W8U5
JUN,HSP90AB2P
JUN,MRPS34
JUN,TBC1D4
JUN,MRPS33
JUN,TRMT6
JUN,PABPC4
JUN,SYNE2
JUN,HNRNPUL2
JUN,HNRNPUL1
JUN,YTHDC2
JUN,STOML2
JUN,AMOT
JUN,ARL1
JUN,CRCT1
JUN,DDOST
JUN,TSR1
JUN,UBQLN1
JUN,WARS1
JUN,TFAM
JUN,MAP7D2
JUN,MAP7D1
JUN,AR
JUN,DAZAP1
JUN,G3BP1
JUN,G3BP2
JUN,FKBP4
JUN,RPL9|RPL9P7|RPL9P8|RPL9P9
JUN,SRSF10
JUN,RARS1
JUN,FKBP8
JUN,SGPL1
JUN,ZFR
JUN,DUS2
JUN,WDR5
JUN,WDR3
JUN,SMARCD2
JUN,SMARCD1
JUN,CCND1
JUN,CSRP2
JUN,HSD17B10
JUN,HSD17B11
JUN,ATP6V1A
JUN,RPS27L
JUN,DIRAS2
JUN,PUM3
JUN,SFXN1
JUN,ARNTL
JUN,CCT8
JUN,CCT2
JUN,CCT3
JUN,CCT7
JUN,CCT4
JUN,CCT5
JUN,DMAP1
JUN,HNRNPCL1
JUN,H2AC4|H2AC8
JUN,RPRD2
JUN,TNK1
JUN,GFM2
JUN,SLC22A5
JUN,GPX4
JUN,MYBBP1A
JUN,FLNA
JUN,FLNC
JUN,EIF4A3
JUN,LETM1
JUN,CKMT1A|CKMT1B
JUN,PRKCSH
JUN,DCTN2
JUN,DCTN1
JUN,HIC2
JUN,CCNDBP1
JUN,RBM10
JUN,RBM17
JUN,RBM14
JUN,BEND4
JUN,ATP6V1E1
JUN,TUBGCP2
JUN,PSMD8
JUN,PSMD4
JUN,PSMD7
JUN,PSMD6
JUN,PSMD1
JUN,PSMD3
JUN,PSMD2
JUN,CTNNB1
JUN,PRMT3
JUN,CNOT1
JUN,HSD17B4
JUN,CREB5
JUN,RNMT
JUN,ARIH1
JUN,KPNB1
JUN,YARS1
JUN,YARS2
JUN,SPATA5L1
JUN,LCP1
JUN,PRMT5
JUN,COPS7A
JUN,MYO6
JUN,NUDT21
JUN,LBR
JUN,RAN
JUN,NFE2L2
JUN,IMP3
JUN,TFB1M
JUN,PSMC2
JUN,ZC3H11A
JUN,STEEP1
JUN,ARID1A
JUN,NOM1
JUN,ALDH5A1
JUN,SNX1
JUN,SPTAN1
JUN,RPL27A
JUN,MCTS1
JUN,KHSRP
JUN,FTSJ3
JUN,PKM
JUN,CSK
JUN,DAP3
JUN,DLAT
JUN,TUBB2A
JUN,TUBB2B
JUN,HAT1
JUN,TUBB
JUN,HDAC1
JUN,HDAC2
JUN,RFC5
JUN,RFC4
JUN,RFC1
JUN,RFC3
JUN,RFC2
JUN,PGAM5
JUN,CBX8
JUN,CBX5
JUN,CBX4
JUN,CBX3
JUN,C1QBP
JUN,RAB10
JUN,SRP72
JUN,CSTB
JUN,ASCL4
JUN,SND1
JUN,IGF2BP1
JUN,IGF2BP3
JUN,EP300
JUN,NAT10
JUN,SNRNP70
JUN,ALDH2
JUN,RPL10A
JUN,RAD50
JUN,RPL10L
JUN,SRCAP
JUN,USP7
JUN,RPRD1A
JUN,GNB1L
JUN,MRPS15
JUN,MRPS11
JUN,CEBPB
JUN,GABARAPL2
JUN,ZC3H7B
JUN,PSME4
JUN,SLC1A5
JUN,CTNNA1
JUN,ABCF1
JUN,SSR3
JUN,SSR4
JUN,MYL6
JUN,ASPDH
JUN,MPP1
JUN,PRPSAP1
JUN,GPI
JUN,PRPSAP2
JUN,NARS1
JUN,GMPS
JUN,MYLK
JUN,COPB1
JUN,COPB2
JUN,ISG20L2
JUN,YME1L1
JUN,GLUD1
JUN,EIF5B
JUN,EIF5A
JUN,NONO
JUN,PGK1
JUN,TUBB6
JUN,TUBB3
JUN,TUBB1
JUN,HERC5
JUN,MB21D2
JUN,DEUP1
JUN,TMLHE
JUN,DARS1
JUN,BCAS2
JUN,NUSAP1
JUN,IFNB1
JUN,RPL13A
JUN,FOSL2
JUN,DPM1
JUN,LRP5
JUN,ASNS
JUN,SRP68
JUN,STIM1
JUN,MAP4K2
JUN,MAP4K4
JUN,MAP4
JUN,MICU2
JUN,NEFM
JUN,NEFL
JUN,APEX1
JUN,KMT2C
JUN,ALDOA
JUN,CYC1
JUN,TFCP2
JUN,CKAP2
JUN,CKAP4
JUN,GSR
JUN,LRPPRC
JUN,AFG3L2
JUN,APLP2
JUN,GSN
JUN,GOLGA2
JUN,PTBP2
JUN,PTBP1
JUN,LDHB
JUN,CSNK2A2
JUN,CSNK2A1
JUN,LDHA
JUN,XRN1
JUN,XRN2
JUN,BATF
JUN,PABPC1
JUN,MACF1
JUN,PCMT1
JUN,HSP90AA2P
JUN,UBE2L3
JUN,TRAP1
JUN,PIK3R1
JUN,CTNNBL1
JUN,PDHB
JUN,GYS1
JUN,DSTN
JUN,GYS2
JUN,PCID2
JUN,BUD31
JUN,AASDHPPT
JUN,NFATC2
JUN,NFATC3
JUN,ABL1
JUN,IDE
JUN,SNX6
JUN,PPIAL4A
JUN,TMED1
JUN,HNRNPR
JUN,HNRNPU
JUN,HNRNPK
JUN,FASN
JUN,HNRNPM
JUN,PML
JUN,HNRNPC
JUN,HNRNPD
JUN,HNRNPF
JUN,NFIA
JUN,EEF1B2
JUN,H2BC1
JUN,H2BC3
JUN,STAU1
JUN,H1-10
JUN,HSP90AA1
JUN,UTP4
JUN,HP1BP3
JUN,SLC33A1
JUN,CACYBP
JUN,CAND1
JUN,PRPS1
JUN,YWHAQ
JUN,MTA1
JUN,PLS1
JUN,HNRNPA1L2
JUN,PDIA6
JUN,ORC5
JUN,PDIA3
JUN,CFL1
JUN,DACH1
JUN,RCC1
JUN,RCC2
JUN,ACTL6A
JUN,SERPINH1
FAM98C,GTF2B
GIMAP6,ZNF76
ESR2,FOXO3
ESR1,MAZ
ESR1,RELA
ESR1,VEZF1
ESR1,HIF1A
ESR1,FOXO3
ESR1,FOXO1
ESR1,JUNB
ESR1,KLF4
ESR1,NFATC2
ESR1,FOS
ESR1,FOXK1
ESR1,AHR
ESR1,CTCF
ESR1,GATA3
ESR1,FOSL2
ESR1,ZNF281
ESR1,ETV6
PRPF18,IKZF3
PRPF18,IKZF1
MOB3A,TGIF1
A2M,PRDM1
A2M,TGIF1
ZNF536,FOXJ2
QSER1,FOXJ2
TAL1,GATA3
TAL1,TCF12
TAL2,TCF12
PHF19,GTF2B
RUSC1,GTF2B
RUSC1,CREM
PPID,NR3C1
PIN1,ZNF783
PIN1,TCF12
PIN1,ETV6
PIN1,IKZF1
PIN1,IKZF3
PIN1,FOS
PIN1,BCL11A
MID2,HIF1A
MID2,IKZF3
NRF1,FOXP3
NRF1,DYNLL1
NRF1,FOXK2
NRF1,DYNLL2
NRF1,LMO4
NRF1,KHDC4
NRF1,TRAF2
NRF1,TRIM35
NRF1,COL10A1
NRF1,NDUFAB1
NRF1,LHX3
NRF1,KRT83
NRF1,L3MBTL3
NRF1,APBB2
NRF1,FHL2
NRF1,VEZF1
NRF1,TESMIN
NRF1,PLXDC1
NRF1,MVP
NRF1,FOXJ2
NRF1,ZMYM6
NRF1,YPEL3
NRF1,C3ORF36
NRF1,C10ORF55
NRF1,CSNK2B
NRF1,L3MBTL2
NRF1,HIVEP1
CACNG2,STAT3
ATF6B,ITM2B
ATF6B,RBM33
ATF6B,RWDD2B
ATF6B,LHX8
ATF6B,ERLEC1
ATF6B,CPT2
ATF6B,OXSM
ATF6B,CHRNA9
ATF6B,PICALM
CCK,ZNF333
CCK,RELA
Q53FC7,NR3C1
Q53FC7,HMGA1
NUF2,ATF3
NFAT5,VIRMA
NFAT5,SUMO2
NFAT5,TBC1D4
FCRL4,ZNF76
RECQL5,FOSL2
UBB,DNMT1
UBB,RELA
UBC,THAP11
UBC,RELA
UBC,DNMT1
UBC,HIF1A
UBC,FOXO3
UBC,FOXO1
UBC,JUNB
UBC,MEF2D
UBC,JUND
UBC,KLF6
UBC,KLF2
UBC,REST
UBC,FOS
UBC,AHR
UBC,CTCF
UBC,MEF2A
UBC,ZNF148
UBC,NR3C1
UBC,POU2F1
UBC,ATF3
UBC,ETV6
UBC,GTF2B
UBC,STAT2
UBC,NFYC
UBC,STAT3
UBC,ZNF281
UBC,IKZF3
UBC,HMGA1
UBC,ELF4
CFTR,CTCF
ANKRD52,FOXK1
KBTBD7,FOS
KBTBD7,FOSL2
KBTBD6,FOSL2
LZTS2,VEZF1
SIRT2,FOXO1
SIRT1,HIF1A
SIRT1,FOXO3
SIRT1,FOXO1
SIRT1,STAT3
SIRT1,DNMT1
SIRT1,RELA
SIRT1,ZEB1
MED31,NFATC2
MED31,EGR2
MED31,TGIF1
BICRA,NFYC
FSD2,ZNF76
FSD2,VEZF1
RBM22,FOXJ2
EPHA2,RELA
EPHA2,HIF1A
KLHDC3,FOXK1
FGF12,IKZF1
FGF12,ZNF460
ZNF250,ZNF460
TSR3,FOSL2
TENT5B,FOS
AR,EGR1
AR,HIF1A
AR,STAT3
AR,FOXO1
NAGK,TCF12
DAZAP2,VEZF1
MFAP1,ZNF76
EGLN2,HIF1A
HSPA1L,RELA
IL2RA,RELA
IWS1,STAT2
PRR11,CTCF
CCT8,RELA
RWDD2B,IKZF1
NR2A1,FOXO1
FAM50B,IKZF3
FAM50B,IKZF1
FAM50B,TCF12
DCTN1,ATF3
RNF26,ZNF143
ANKRD28,FOXK1
FOSL2,HECTD3
FOSL2,UBQLN1
FOSL2,STMN1
FOSL2,TRAF1
FOSL2,RPL21
FOSL2,HRAS
FOSL2,JUNB
FOSL2,JUND
FOSL2,SUMO2
FOSL2,DET1
FOSL2,GSN
FOSL2,GOPC
FOSL2,LHX8
FOSL2,EGR1
FOSL2,NBEA
FOSL2,LSM11
FOSL2,FHL3
FOSL2,VARS1
FOSL2,GMCL1
FOSL2,MED16
FOSL2,VIRMA
FOSL2,METTL17
FOSL2,SORL1
FOSL2,COP1
FOSL2,DPY30
FOSL2,CREB5
FOSL2,CARM1
FOSL2,NME7
FOSL2,LUZP4
FOSL2,SPAST
FOSL2,EEF1D
FOSL2,FLJ13057
FOSL2,ZZEF1
FOSL2,YEATS4
FOSL2,CALCOCO1
FOSL2,ATF2
CMBL,CTCF
PCID2,GTF2I
PCID2,IKZF3
TRAK2,FOXK1
CTNNB1,RELA
CTNNB1,AHR
CTNNB1,HIF1A
CTNNB1,TCF7
CTNNB1,FOXO3
MYOG,TCF12
APOL4,NFYC
ITGB1,MEF2A
NOS2,RELA
Q6ZVU3,STAT3
RAN,RELA
FGR,STAT3
MORN3,ZNF76
MORN3,IKZF3
TSEN15,IKZF3
E2QRM7,NR3C1
SNX2,NFYC
KHSRP,FOS
NOS3,IKZF3
STK26,IKZF3
PHKG2,FOXK1
PKM,RELA
TUBB2B,RELA
MESP2,TCF12
FASN,HIF1A
EP300,STAT3
EP300,RELA
EP300,NFATC2
EP300,FOXK1
EP300,HIF1A
EP300,AHR
EP300,EGR1
EP300,GTF2B
EP300,TCF12
EP300,ZEB1
EP300,STAT2
EP300,MEF2A
EP300,FOXO3
EP300,FOXO1
EP300,NFATC1
EP300,JUNB
EP300,JUND
EP300,NFYA
EP300,KLF4
EP300,FOS
EP300,NR3C1
EP300,MEF2D
MAP2K5,HIF1A
MICOS13,HIF1A
RPRD1A,ZNF76
RPRD1A,THAP11
GABARAPL1,GTF2I
DVL2,FOXK1
MED17,FOS
MED18,GTF2B
MED19,ZNF76
PSME3,THAP11
PSME3,ELF2
PSME3,ZNF891
MTFR1L,ZNF76
PPP3CC,NFATC1
TLX2,POU2F1
APP,CTCF
APP,GTF2B
APP,TGIF1
APP,STAT3
APP,NR4A2
APP,HMGA1
APP,JUND
POM121,STAT3
ERBIN,STAT3
OLFM4,ZNF281
IL12B,RELA
MKKS,TGIF1
LRP6,ETV6
LRP5,ETV6
TEAD2,NFATC1
TEAD2,HIF1A
TEAD2,NR3C1
TEAD2,POU2F2
TEAD2,ATF3
TEAD2,POU2F1
NFKBIB,RELA
ANTKMT,ZNF76
PPL,IKZF1
APEX1,REST
APEX1,MEF2A
APEX1,MZF1
APEX1,DNMT1
APEX1,ZEB1
APEX1,ZNF281
NVL,GTF2B
NFAM1,BCL11A
ZNF512B,ZNF143
ZNF512B,BCL11A
FIGLA,TCF12
EPRS1,RELA
GSN,RELA
GSN,BATF
GSN,ZNF333
NES,HIF1A
MTA1,DNMT1
MTA1,HIF1A
MTA1,IKZF1
MTA1,BCL11A
RABGAP1,STAT3
BATF,JUNB
BATF,SPRED1
BATF,CEBPA
BATF,CEBPG
BATF,PRPS1
BATF,GOPC
BATF,COX8A
BATF,JUND
BATF,SNAPC5
BATF,KIF1B
BATF,IRF4
BATF,WFS1
BATF,DMWD
BATF,GARS1
MAPKAPK3,MEF2A
MAPKAPK2,STAT3
PLPP1,TGIF1
PIK3R3,ZNF281
PIK3R3,STAT3
PIK3R3,FOXO1
PIK3R1,FOS
PIK3R1,STAT3
PIK3R1,IKZF3
PIK3R1,TGIF1
RPS3,RELA
HSF2BP,VEZF1
HSF2BP,MEF2A
HSF2BP,KLF4
HEXIM2,TCF12
ARMC8,IKZF3
ARMC8,TCF12
DACH1,FOXO1
DACH1,SOX4
PML,RELA
PML,NR3C1
PML,TGIF1
BMERB1,TCF12
STAU1,GTF2I
ID2,TCF12
ID3,TCF12
ID1,TCF12
MSC,TCF12
YWHAQ,FOXO3
YWHAQ,FOXO1
ORC5,NFATC1
ORC2,NFATC1
ORC2,HMGA1
AP5Z1,FOXK1
GSTK1,GTF2I
HIF3A,HIF1A
L3MBTL1,ZNF281
DRAP1,GTF2B
KDM2A,FOS
CBLB,GTF2B
OSGEP,NR3C1
C2CD6,IKZF3
L3MBTL2,THAP11
L3MBTL2,FOXJ2
L3MBTL2,ZNF467
CSN2,NFYC
CSN3,ZNF76
GRAP2,IKZF3
GRAPL,ZNF76
ZNF296,BCL11A
LIN37,ZNF76
LIN37,BCL11A
NFKBID,IKZF3
DNALI1,ZNF333
Q96BE0,PRDM1
Q96BE0,NR3C1
PRKAR1B,ZNF76
PRKAR1B,VEZF1
SH2B1,MEF2A
NIPSNAP2,FOXO3
NIPSNAP1,ZNF281
CORO1A,STAT3
CHAF1B,BCL11A
CDCA3,BCL11A
NFKBIE,RELA
MUC7,GTF2B
SEM1,GTF2B
ECT2,GTF2I
ECT2,HMGA1
SPRED1,KLF6
SPRED1,ZNF460
RELB,RELA
RELA,ACTG1
RELA,HSPA5
RELA,CCN3
RELA,ISL1
RELA,HSPA9
RELA,RNASE1
RELA,FBP1
RELA,IKBKE
RELA,FKBP11
RELA,COMMD6
RELA,USP7
RELA,H1-2
RELA,SETD7
RELA,MYC
RELA,IGF1R
RELA,HSPA8
RELA,HNRNPU
RELA,BATF2
RELA,SLC25A5
RELA,PRMT5
RELA,COMMD1
RELA,SOCS6
RELA,PRKDC
RELA,UBR5
RELA,SETD6
RELA,SOCS1
RELA,SOCS3
RELA,CCND1
RELA,EEF1D
RELA,CCND2
RELA,C1QB
RELA,TUBB4A
RELA,FOXP3
RELA,CCL5
RELA,RPL7
RELA,NR3C1
RELA,CCAR2
RELA,AHR
RELA,EGR1
RELA,CCT4
RELA,HSP70-1
RELA,POU6F2
RELA,KIF14
RELA,TCF4
RELA,SIRT6
RELA,FOS
RELA,FAF1
RELA,PARP1
RELA,PPARG
RELA,SFPQ
RELA,TP53
RELA,MRPL12
RELA,AIFM1
RELA,HDAC3
RELA,HDAC2
RELA,DDC
RELA,PRPF40A
RELA,ASB9
RELA,COL2A1
RELA,NCOR2
RELA,CENPJ
RELA,STAT3
RELA,AKAP8L
RELA,IFNB1
RELA,USF2
RELA,HNRNPM
RELA,NFKB1
RELA,NFKB2
RELA,CASP6
RELA,RXRA
RELA,CARM1
RELA,GCN1
RELA,LAMP2
RELA,GOPC
RELA,CNNM3
RELA,SNRNP70
RELA,LMO2
RELA,IRF4
RELA,PIAS3
RELA,TCP1
RELA,HSP90AA1
RELA,PHB2
RELA,HAX1
RELA,ATP5F1A
RELA,GTF2B
RELA,LARS1
RELA,ELF3
RELA,IQGAP2
RELA,CEBPB
RELA,TUBB
RELA,TWIST1
RELA,RPL27
RELA,UBQLN1
RELA,RPL23
RELA,SUZ12
RELA,CXCR4
RELA,TERT
RELA,KEAP1
RELA,BANP
RELA,KAT2A
RELA,SLC25A6
RELA,RIOK2
RELA,TNF
RELA,TP53BP2
RELA,NPM1
RELA,HDAC1
RELA,NFIC
RELA,SORD
RELA,A0A0B4J269
RELA,PPARD
RELA,PHB
RELA,MATR3
CARD9,IKZF3
CARD9,ZNF121
FOXP2,NFATC2
FOXP3,NFATC1
FOXP3,NFATC2
COPS5,MEF2D
COPS5,NR4A2
COPS5,HIF1A
COPS5,JUND
VEZF1,LCN2
VEZF1,NFYA
VEZF1,FAM168B
VEZF1,KRTAP8-1
VEZF1,TSC1
VEZF1,ARHGEF9
VEZF1,FAM153B
VEZF1,SOX13
VEZF1,CTR9
VEZF1,EIF3F
VEZF1,POU6F2
VEZF1,GOLGA2
VEZF1,CAPN3
VEZF1,LMO2
VEZF1,DDIT4L
VEZF1,TRAF1
VEZF1,TRAF2
VEZF1,RBPMS
VEZF1,BANP
VEZF1,HOMEZ
VEZF1,KRT40
VEZF1,MLLT10
VEZF1,LASP1
VEZF1,C10ORF55
VEZF1,LHX3
VEZF1,PRR20A
VEZF1,KIAA1218
VEZF1,PLAGL2
VEZF1,VPS52
VEZF1,KCTD7
VEZF1,GPSM1
VEZF1,HIVEP1
NLN,HIF1A
MAF,AHR
MAF,MAFB
MAF,USP5
PHLDB3,THAP11
CTBP2,FLI1
CTBP2,ZEB1
CTBP2,IKZF1
CTBP2,IKZF3
CTBP2,TGIF1
MEF2B,MEF2A
MEF2A,HDAC5
MEF2A,HDAC7
MEF2A,SUMO2
MEF2A,JUND
MEF2A,NDUFB9
MEF2A,CABIN1
MEF2A,H3-4
MEF2A,MAPK7
MEF2A,DDB1
MEF2A,SETX
MEF2A,MEF2D
MEF2A,HDAC9
MEF2A,XYLT1
MEF2A,H2BC1
MEF2A,H2BC4|H2BC6|H2BC7|H2BC8|H2BC10
MEF2A,ATF3
SSB,SPIB
ZNF333,CASP6
ZNF333,UBQLN1
ZNF333,LAMP2
ZNF330,ZNF460
FAM168A,NFYC
HSFY1|HSFY2,NFYC
CELSR2,KLF6
BBX,FOXJ2
NEK6,TCF12
NEK6,IKZF3
NEK6,IKZF1
FAM117B,STAT3
MAD2L2,IKZF3
MAD2L2,GTF2I
MAD2L2,IKZF1
BOLA2|BOLA2B,ZNF76
CEP57L1,IKZF1
SATB2,FOXO1
SATB2,FOXJ2
SATB2,CTCF
CLCNKA,IKZF3
CLCNKA,TCF12
FAM90A1,ZNF76
FAM90A1,ZNF143
KRTAP6-2,GATA3
MAGEA10,FOXJ2
MAGEA10,POU2F1
CFAP206,IKZF3
CFAP206,TCF12
GPS2,FOXK1
GLO1,FOS
ATP6V0D1,IKZF3
HAND2,TCF12
RBM43,IKZF1
HIF1A,HSPA4
HIF1A,HSPA8
HIF1A,STUB1
HIF1A,HIF1AN
HIF1A,COMMD1
HIF1A,MYC
HIF1A,CDKN2B
HIF1A,CDKN2A
HIF1A,PRKDC
HIF1A,CEP350
HIF1A,CCND2
HIF1A,PLEKHA5
HIF1A,FDX1
HIF1A,H4C1|H4C2|H4C3|H4C4|H4C5|H4C6|H4C8|H4C9|H4C11|H4C12|H4C13|H4C14|H4C15|H4-16
HIF1A,FZR1
HIF1A,SSX4|SSX4B
HIF1A,Q5T2B4
HIF1A,ARNTL
HIF1A,NF2
HIF1A,OS9
HIF1A,VEGFA
HIF1A,HSP90AA1
HIF1A,ARNT2
HIF1A,EGLN3
HIF1A,TCEANC2
HIF1A,EGLN1
HIF1A,TP53
HIF1A,RWDD3
HIF1A,HDAC1
HIF1A,HDAC3
HIF1A,HDAC7
HIF1A,STK11
HIF1A,STAT3
HIF1A,FHL2
HIF1A,MAPK1
HIF1A,PSMA7
HIF1A,PSMA4
HIF1A,CASR
HIF1A,LAMP2
HIF1A,MAP2K3
HIF1A,PIAS1
HIF1A,CDK4
HIF1A,NBEAL1
HIF1A,PRKN
HIF1A,CXCR4
HIF1A,VIRMA
HIF1A,BANP
HIF1A,TRAF6
HIF1A,MCM7
EGR2,ACP5
EGR2,EGR1
EGR2,BPGM
EGR2,JPT2
EGR2,RBM11
EGR2,MCRS1
EGR2,RPL7L1
EGR2,SNAI1
EGR2,RBM15B
C4BPA,GTF2I
EGR1,NFATC2
EGR1,PSMD2
EGR1,CD40LG
EGR1,JUNB
EGR1,JUND
EGR1,MED6
EGR1,CEBPB
EGR1,PHIP
EGR1,MAPK1
EGR1,ARID2
EGR1,WT1
EGR1,TP53
EGR1,POP1
CHEK2,FOXK1
CHEK2,FOS
CHEK1,DNMT1
PRKAB2,TCF12
PRKAB2,IKZF3
PRKAB2,IKZF1
PAX4,NFYC
PAX6,NFYC
PAX3,FOXO1
PTPN2,STAT3
MBD3L1,BCL11A
MBD3L1,ZNF76
RCOR1,THAP11
RCOR1,REST
CTAG1A|CTAG1B,GTF2I
ARRB1,POU2F1
PSMA3,GATA3
PSMA1,TCF12
PSMA1,IKZF1
PSMA1,IKZF3
PSMA4,IKZF1
ZNF100,VIRMA
ZNF100,KRTAP12-2
COL1A1,FOXO1
SET,JUNB
SET,FOXO1
SET,ELF4
FOXO3,FOXK1
FOXO3,FOXO6
FOXO3,FKBP4
FOXO3,ARHGEF2
FOXO3,NR1H3
FOXO3,RB1
FOXO3,USP7
FOXO3,MAPK6
FOXO3,NR1H2
FOXO3,CEP44
FOXO3,VIRMA
FOXO3,TP53
FOXO3,TAF5L
FOXO3,CDC27
FOXO3,PPP2CB
FOXO3,PGK1
FOXO1,VIRMA
FOXO1,FOXO6
FOXO1,FOXO4
FOXO1,SMARCA4
FOXO1,RB1
FOXO1,SNX17
FOXO1,ATG7
FOXO1,HOXC13
FOXO1,TNS2
FOXO1,SETD7
FOXO1,NTPCR
FOXO1,HOXD13
FLI1,SOX30
FLI1,SIAH1
FLI1,GATA1
MPPED1,NR2F6
MPPED2,IKZF1
MPPED2,NR2F6
FOXC1,FOXJ2
FOXC1,POU2F1
HIF1AN,STAT3
B2RCW4,NR3C1
PPP1R16B,IKZF3
UBR5,FOXJ2
SOCS1,ETV6
CCNH,TCF12
H4C1|H4C2|H4C3|H4C4|H4C5|H4C6|H4C8|H4C9|H4C11|H4C12|H4C13|H4C14|H4C15|H4-16,GTF2I
H4C1|H4C2|H4C3|H4C4|H4C5|H4C6|H4C8|H4C9|H4C11|H4C12|H4C13|H4C14|H4C15|H4-16,REST
GSK3B,DNMT1
LRRK2,GTF2I
ABHD10,FOXK1
NGRN,DNMT1
MRPL12,ZNF76
CDC25A,NFYA
ZNF829,STAT3
ZNF829,GTF2B
ANKRD20A1,NFATC1
NCOR2,AHR
NCOR2,FOS
NCOR2,POU2F1
NCOR1,ETV6
NCOR1,NR3C1
NCOR1,FOXK1
AGTPBP1,FOXK1
NFKB1,ELF1
NFKB1,NR3C1
NFKB2,GTF2I
SIAH1,ZNF148
SIAH1,STAT3
SIAH2,STAT3
SPATA22,GTF2B
PIAS2,GTF2I
PIAS2,IKZF1
PIAS3,STAT3
PIAS3,CREM
HIVEP1,STAT3
HIVEP1,NFYC
HIVEP1,POU2F1
HSPBP1,ELF2
SAE1,NFYC
AP4M1,HMGA1
NEUROG1,TCF12
AP1M1,ETV6
AP1M1,IKZF1
CPNE7,IKZF3
OSBPL5,ZNF281
UBA7,FOXK1
DST,NFYC
STRN3,TCF12
HOPX,TCF12
FRMPD1,NFATC1
FYCO1,FOXK1
LMO1,ZNF76
LMO1,ZNF143
LMO1,GATA3
LMO1,IKZF3
LMO1,IKZF1
LMO1,BCL11A
LMO1,ZNF460
LMO2,STAT3
LMO2,IKZF1
LMO2,IKZF3
LMO3,ZNF143
LMO3,FOS
LMO3,IKZF1
LMO4,IKZF1
LMO4,IKZF3
LMO4,NFYC
LMO4,ZNF467
ATPAF2,IKZF3
MCRS1,GTF2I
MCRS1,IKZF1
MCRS1,IKZF3
MAZ,BPTF
MAZ,KRTAP10-9
MAZ,TIAM1
MAZ,KDM4D
MAZ,KEAP1
ZNF121,RPSA
ZNF121,KEAP1
ZNF121,RBAK
PSMC3,ELF2
PSMC5,FOS
ARFIP2,STAT3
CERK,NR3C1
EIF3M,ZNF783
WT1,SOX4
CDKN2A,SOX4
CDKN2D,IKZF3
CDKN2D,NR4A2
BARD1,IKZF1
CSTF2T,FOXJ2
NFATC1,HDAC2
NFATC1,ISL1
NFATC1,PDS5A
NFATC1,JUND
NFATC1,TAF10
NFATC1,SMARCA4
NFATC1,SMARCA5
NFATC1,SMC3
NFATC1,SMC2
NFATC1,H3-4
NFATC1,FLYWCH1
NFATC1,ZMYM3
NFATC1,SMARCB1
NFATC1,BEND3
NFATC1,FOS
NFATC1,H2AC7
NFATC1,HMGA2
NFATC1,HMGA1
NFATC1,HOXC13
NFATC1,H2BC4|H2BC6|H2BC7|H2BC8|H2BC10
NFATC1,TP53
NFATC1,H2BC1
NFATC1,HOXD13
NFATC1,GATAD2B
NFATC1,RBPJ
NFATC1,ATF3
NFATC1,ATF2
NFATC2,MAPK9
NFATC2,IRF4
NFATC2,VIRMA
NFATC2,FOS
AP2B1,GTF2I
GTF2E1,GTF2B
GTF2E2,GTF2B
SPATC1L,IKZF1
TCTE1,NR3C1
TCTE1,ELF2
RALY,ZNF76
SRRT,STAT3
VPS53,THAP11
VPS52,THAP11
ALKBH3,IKZF1
GARS1,KLF6
COP1,JUNB
COP1,FOS
NRIP1,NR3C1
NRIP1,AHR
NRIP2,ZNF76
TEKT5,ZNF76
RHOA,IKZF3
LUC7L2,NFYA
EHHADH,IKZF3
NME7,IKZF3
NME7,IKZF1
TEKT3,IKZF3
FOS,GRHPR
FOS,SUMO3
FOS,SUMO2
FOS,ATF2
FOS,SIRPG
FOS,MAFB
FOS,CREB5
FOS,PRMT5
FOS,TSPAN2
FOS,CCND1
FOS,GRB10
FOS,EEF1D
FOS,YEATS4
FOS,JADE2
FOS,FNBP1L
FOS,CCDC120
FOS,BECN1
FOS,HOXD13
FOS,FAAP100
FOS,SH2D1B
FOS,NCOA1
FOS,F8W8U5
FOS,NR2F6
FOS,NR2F1
FOS,USF2
FOS,FHL3
FOS,VARS1
FOS,USF1
FOS,PPP1R12A
FOS,TRAPPC13
FOS,MAPK9
FOS,ASCL4
FOS,JUND
FOS,DET1
FOS,SRPK1
FOS,GPBP1L1
FOS,CENPO
FOS,UTP4
FOS,JUNB
FOS,CCDC26
FOS,WDR88
FOS,CEBPG
FOS,LPIN1
FOS,HSD17B4
FOS,LUZP4
HOMEZ,ZNF76
LCK,STAT3
UPF2,HMGA1
IL1B,IRF4
RBM8A,HMGA1
RBM8A,TCF12
IL16,ZNF143
TTF2,TCF12
RBMS1,ZNF143
ANXA8,GTF2B
MCM7,IKZF3
MCM6,SOX4
MCM4,SOX4
ZNF143,NUDT22
ZNF143,IQUB
ZNF143,RBPJ
ZNF143,FHL2
ZNF143,EAF1
ZNF143,HNRNPL
ZNF143,SMAP2
ZNF143,LIN54
ZNF148,TRIM10
ZNF148,GORASP2
ZNF148,SUMO2
ZNF148,GLRX3
ZNF148,PNMA1
ZNF148,LNX2
ZNF148,JADE1
ZNF148,POU6F2
ZNF148,VIRMA
ZNF148,FOXJ2
ZNF148,LNX1
ZNF148,CEP63
ZNF148,DEUP1
ZNF148,PLEKHG4
ZNF148,FAM22F
BRMS1,FOXK1
GRIP1,NR3C1
FOXK2,FOXK1
FOXK2,NFYC
FOXK1,HDAC1
FOXK1,HDAC2
FOXK1,AGGF1
FOXK1,USP28
FOXK1,SUDS3
FOXK1,RABGGTB
FOXK1,USP47
FOXK1,RB1
FOXK1,VIRMA
FOXK1,CTBP1
FOXK1,DCAF7
FOXK1,DYRK1B
FOXK1,RNPS1
FOXK1,RBL2
FOXK1,KANK2
FOXK1,ING2
FOXK1,TP53BP1
FOXK1,PPP6R1
FOXK1,UBR4
FOXK1,TP53
FOXK1,TBC1D4
FOXK1,BAP1
FOXK1,AMOT
INO80,GTF2I
GOLGA5,THAP11
GOLGA5,ZNF281
PMP22,ZNF281
PMP22,ATF3
HOXD13,FOXJ2
LIN54,NFYC
LIN54,ZNF76
LIN54,FOXJ2
LIN52,BCL11A
BDNF,JUNB
NANOG,ZNF281
MAPK1,STAT3
MAPK6,JUNB
MAPK8,JUND
MAPK9,JUNB
WTAP,THAP11
WTAP,TCF12
WTAP,IKZF1
VPS39,STAT3
METTL3,GTF2I
STAT5A,TCF12
KCTD9,ZNF76
HCFC1,THAP11
HCFC1,POU2F1
MLC1,GTF2B
POLR2K,GTF2B
GATAD1,BCL11A
ZBTB47,ZNF394
MRPL53,IKZF3
TARDBP,ATF3
NATD1,IKZF3
ALOXE3,ZNF76
CTCF,SUMO2
CTCF,PRC1
CTCF,CAND1
CTCF,SUZ12
CTCF,H1-1
CTCF,VIRMA
CTCF,TRAF2
CTCF,ZMYM6
CTCF,ZMYM4
CTCF,STAG2
CTCF,PARP1
CTCF,NPM1
CTCF,CSNK2B
FKBP3,HMGA1
NF2,SOX4
NF1,SOX4
ARID2,NFYC
BLK,IKZF3
BLK,STAT3
PPP1R18,IKZF3
ZNF420,ZNF76
ATXN1,PRDM1
ATXN1,CREM
ATXN1,NFYA
ATXN1,ATF3
CCDC187,IKZF3
SMC3,FOXJ2
GRIPAP1,THAP11
LASP1,STAT3
LASP1,NFYA
MICALL2,ZNF281
TWIST1,STAT3
TWIST2,TCF12
CREM,CASP8AP2
CREM,RAD18
CREM,NCALD
CREM,BHLHE40
CREM,RBPJ
CREM,FHL5
CREM,MKNK1
CREM,TSNAX
CREM,NCS1
CREM,EMP3
CREM,MYOZ3
CREM,POU2F1
KRT40,ZNF76
NUTF2,THAP11
RAB5A,GTF2B
AZU1,STAT3
RNPS1,ZNF394
EGLN3,IKZF3
EGLN3,FOXJ2
OGT,THAP11
PDPK1,GTF2I
MCM2,SOX4
DUSP15,GTF2I
SPRY1,ZNF441
SPRY1,STAT3
CDKL3,IKZF1
USF2,FOXJ2
BAP18,BCL11A
GTF2A1,NFYA
RP2,STAT3
POU2F2,NR3C1
POU2F2,POU2AF1
POU2F2,FOXJ2
POU2F2,FOXC2
POU2F1,PRKDC
POU2F1,NR2B1
POU2F1,NFYA
POU2F1,HNRNPH1
POU2F1,SOX2
POU2F1,PPIP5K2
POU2F1,POU6F2
POU2F1,VIRMA
POU2F1,NR3C1
POU2F1,ZMYM6
POU2F1,ARPC3
POU2F1,RXRA
POU2F1,TNF
POU2F1,MLLT10
POU2F1,SNAPC4
POU2F1,CEBPE
POU2F1,POU2AF1
POU2F1,PRR20A
POU2F1,FOXC2
BPTF,BCL11A
H3-4,DNMT1
RNF183,GTF2B
ZNF131,FOXJ2
ZBTB20,NR3C1
ZBTB24,BCL11A
ZNF526,ZNF76
MSGN1,TCF12
SYT17,IKZF1
GEM,IKZF3
IFNAR2,STAT2
PHF8,THAP11
VPS28,TCF12
TCHP,IKZF3
SS18L1,STAT3
SS18L1,TCF7
SS18L1,ATF3
UCHL5,GTF2I
UCHL1,ATF3
CHAF1A,BCL11A
NFYA,UBL5
NFYA,HMGCS1
NFYA,NFYC
NFYA,BANP
NFYA,ZHX1
NFYA,QRICH1
NFYA,IRGQ
NFYA,APPBP2
NFYA,CSNK2A1
NFYA,TP53
NFYA,CDK2
SMARCA4,SOX4
SMARCA4,NR3C1
SMARCA4,REST
SMARCA4,ATF3
SMARCA5,FOXJ2
SMARCA5,BCL11A
TERT,SOX4
CASP4,ELF4
MYC,GTF2I
MYC,GTF2B
MYC,SOX4
MYC,ZNF281
TRMT1L,GTF2B
CCDC102B,IKZF3
CIITA,IRF4
CIITA,PRDM1
OSGIN1,IKZF3
OSGIN1,TCF12
CCDC24,IKZF3
DCAF15,ZEB1
TXN,NR3C1
TXK,IKZF1
BLZF1,IKZF3
BLZF1,ZNF76
KIF14,JUNB
KIF14,GTF2I
KIF14,AHR
KIF14,HMGA1
APBB2,ATF3
SMARCD1,IKZF3
GATA3,HDAC1
GATA3,HDAC3
GATA3,HDAC2
GATA3,PLEKHG4
GATA3,KRTAP12-1
GATA3,RARB
GATA3,CYSRT1
CCND1,STAT3
CCND1,JUND
SCNM1,ZNF76
SCNM1,IKZF3
SCNM1,IKZF1
TCF12,STK16
TCF12,RNASEL
TCF12,CDKN2C
TCF12,TSNAX
TCF12,PRSS23
TCF12,TBC1D21
TCF12,TCF4
TCF12,LNX1
TCF12,LAMTOR5
TCF12,SH2D1B
TCF12,NHLH2
TCF12,PHIP
TCF12,TCF23
TCF12,ASCL3
TCF12,ASCL4
TCF12,CDC20B
TCF12,MYF6
TCF12,EDRF1
TCF12,EXOC8
TCF12,MAPKBP1
RPS27A,DNMT1
SOX14,NR3C1
HES4,GTF2B
CAPNS1,STAT3
TRIM59,STAT3
CCNDBP1,ZNF394
MISP,IKZF3
CDC23,ZFX
PRC1,HMGA1
SETMAR,IKZF3
HMGCL,GTF2B
PDZD4,IKZF3
RYBP,GTF2B
ZNF644,ZNF281
ZNF644,FOXJ2
CREB5,JUND
HGS,KLF4
HGS,NFYC
PRCC,ZNF281
SLU7,FOXJ2
FAM228A,ZNF76
ZNF394,DDX54
ZNF394,SCAND1
ZNF394,ZSCAN32
ZNF394,ZNF397
NUDT21,IKZF1
PEBP1,DNMT1
PEBP1,HMGA1
SHPRH,BCL11A
DMWD,ZNF460
CLOCK,THAP11
SH3BP2,STAT3
CBX5,DNMT1
CBX2,GTF2B
ASCL4,GTF2B
CD247,ZNF281
PIK3R2,IKZF3
PIK3R2,STAT3
SUZ12,BCL11A
SUZ12,DNMT1
SUZ12,GTF2I
LSM4,IKZF1
MTUS2,GTF2I
MTUS2,ZNF76
ANKS1A,IKZF3
POU6F2,NFYC
POU6F1,NFYC
IRF4,SPI1
IRF4,TRAF2
IRF4,TRAF6
IRF4,HOXC11
IRF4,STAT4
IRF4,TSEN54
IRF4,GIPC2
IRF4,SPIB
IRF4,ETV7
FOXA1,HMGA1
INO80E,GTF2I
DEUP1,ZNF460
FAM22F,NFYC
RABGEF1,THAP11
MOS,IKZF1
GAA,STAT2
SUV39H1,DNMT1
SUV39H1,ATF3
BCL2L2,IKZF1
SPINT2,THAP11
SPINT2,ELF2
TSPAN5,THAP11
ZNF441,STX1A
ZNF441,MDFI
ZNF441,YPEL3
ZNF441,CYSRT1
L3MBTL3,ZNF76
OFCC1,STAT3
SLAIN1,ZNF76
AP4S1,GTF2I
KCNAB2,ZNF281
LNX1,IKZF3
MYL10,ZNF76
ABL2,STAT3
B0V265,DNMT1
HNRNPU,THAP11
HNRNPM,STAT3
HNRNPF,IKZF3
HMGA1,NEDD4
HMGA1,FOXE1
HMGA1,MAP2K1
HMGA1,RACGAP1
HMGA1,CEBPB
HMGA1,CAMK2A
HMGA1,PPARG
HMGA1,EMC2
HMGA1,NPM1
HMGA1,CSNK2A1
HMGA1,RPS6KA3
HMGA1,HSP90AA1
HMGA1,EWSR1
SUDS3,BCL11A
HSP90AA1,AHR
HSP90AA1,PRDM1
HSP90AA1,STAT2
HSP90AA1,NR3C1
HSP90AA1,ATF3
DOK2,STAT3
DOK3,STAT3
DOK4,STAT2
DOK5,ATF3
PDIA3,STAT3
ELF1,NFYC
ELF1,VIRMA
C10ORF55,ZNF76
SPATA8,ZNF76
HSPA4,NR3C1
CRBN,IKZF1
CRBN,IKZF3
CTBP1,THAP11
CTBP1,ZEB1
CTBP1,IKZF1
CTBP1,TGIF1
TSG101,NR3C1
GTF3C3,FOXJ2
GTF3C1,KLF6
GTF3C1,FOXJ2
GTF3C4,FOXJ2
XPO1,AHR
EPS15L1,SOX4
ZEB1,USP7
VPS29,TGIF1
NFRKB,GTF2I
MAGEA1,GTF2I
MAGEA6,ZNF76
MAGEA6,GTF2I
ZGPAT,IKZF3
HDAC1,PRDM1
HDAC1,REST
HDAC1,TGIF1
HDAC1,DNMT1
HDAC1,STAT3
HDAC1,IKZF1
HDAC1,BCL11A
HDAC1,NR3C1
HDAC1,ATF3
HDAC2,DNMT1
HDAC2,IKZF3
HDAC2,GTF2I
HDAC2,FOXJ2
HDAC2,PRDM1
HDAC2,IKZF1
HDAC2,BCL11A
HDAC2,KLF4
DPY30,GTF2I
DPY30,BCL11A
MED1,NR3C1
PINK1,STAT3
ZBTB32,ELF2
NXPH2,STAT3
BTK,GTF2I
FOXF2,FOXJ2
SNRPA1,IKZF1
RPS4X,GTF2B
CST1,GTF2B
TMEM52B,THAP11
CTDP1,GTF2B
PRG2,ZNF460
PCBD2,STAT3
OTUB2,GTF2I
TRIM54,GTF2I
SULT2A1,STAT3
STK11,SOX4
DCAF8,GTF2B
ZFX,VIRMA
ZFX,CENPQ
POLR3D,ATF3
DNMT1,SNAI1
DNMT1,SUMO2
DNMT1,EZH2
DNMT1,EED
DNMT1,B9D2
DNMT1,CUL4B
DNMT1,STAT3
DNMT1,CDKL4
DNMT1,RB1
DNMT1,VIRMA
DNMT1,DDB1
DNMT1,B4DT73
DNMT1,PARP1
DNMT1,NR2C2
DNMT1,UHRF2
DNMT1,USP7
DNMT1,UHRF1
DNMT1,SETD7
DNMT1,TP53
DNMT1,PHF20L1
DNMT1,MCRIP1
DNMT1,CDK2
DNMT1,CSNK2B
PRMT5,PRDM1
FOXJ2,ZMYM2
FOXJ2,NFYC
FOXJ2,TOMM40
FOXJ2,NCOA2
FOXJ2,ESS2
FOXJ2,HIC2
FOXJ2,ZFHX4
FOXJ2,ZMYM3
FOXJ2,NR3C1
FOXJ2,ZMYND8
FOXJ2,ZMYM4
FOXJ2,QRICH1
FOXJ2,HOXC13
FOXJ2,SALL1
FOXJ2,PATZ1
FOXJ2,KDM5C
FOXJ2,EYA4
FOXJ2,WDR55
FOXJ2,GATAD2B
LENG1,IKZF3
CDK2,THAP11
SMAP1,NFYC
CDK11A,ZNF460
ZC2HC1C,ZNF76
ATP6V0D2,IKZF3
NEU1,JUNB
CDK4,IKZF3
RPS9,STAT3
DDIT4L,ZNF76
IGSF21,ATF3
ZNF891,VIRMA
OAZ3,IKZF3
C3ORF36,ZNF76
MAFF,NR3C1
KRAS,SOX4
CCDC185,IKZF1
IL22RA1,STAT3
NEDD9,ZNF76
GOLGA6A,IKZF3
ZNF623,ZNF76
ZNF488,GTF2B
ZNF484,VIRMA
SH2D4A,IKZF1
JUNB,SUMO2
JUNB,BATF2
JUNB,ATF3
JUNB,ATF2
JUND,SUMO2
JUND,ATF3
THAP11,ACTA2
THAP11,PSMD9
THAP11,RTEL1
THAP11,YEATS4
THAP11,ARNTL
THAP11,HASPIN
THAP11,CCHCR1
THAP11,ABRAXAS2
THAP11,GIT2
THAP11,DZIP3
THAP11,HCTP4
THAP11,VPS50
PTPN1,STAT3
TRAF6,GTF2I
TRAF6,STAT3
KANK2,IKZF3
HOXC11,STAT3
TSC1,SOX4
TSC1,BCL11A
ZMYM2,IKZF3
ZMYM3,GTF2I
ZMYM6,NFYC
ZMYM6,ZNF76
POLR1C,IKZF3
POLR1D,NR3C1
GTF2B,RPP25
GTF2B,USP2
GTF2B,IK
GTF2B,JADE3
GTF2B,ZG16B
GTF2B,LPIN1
GTF2B,NR2F1
GTF2B,OXSM
GTF2B,JAK3
GTF2B,BAHD1
GTF2B,CST2
GTF2B,FAM9A
GTF2B,SLC22A2
GTF2B,CST4
JAK2,STAT3
JAK1,STAT3
GTF2I,HDAC3
GTF2I,INPPL1
GTF2I,USF1
GTF2I,VIRMA
GTF2I,CYP1A1
GTF2I,GTF2IRD2B
GTF2I,USP7
GTF2I,VPS11
PPARD,STAT3
MAGOHB,IKZF3
MAGOHB,IKZF1
NR2F1,AHR
NR2F1,BCL11A
NR2F2,BCL11A
NR2F2,NR2F6
ARMC7,IKZF1
ARMC7,IKZF3
DDB1,AHR
KIF21B,ZNF281
F8VSB5,NR3C1
ZMYND8,BCL11A
KLF6,POLA2
KLF4,GYS1
REST,HDAC5
REST,B3KNW7
REST,VIRMA
KLHDC7B,NFYC
MAP3K13,STAT3
ZNF543,VIRMA
MIPOL1,IKZF3
SNAI2,ZNF76
PTGES3,NR3C1
MORF4L1,IKZF1
ZFPM2,STAT3
YME1L1,BCL11A
MAP3K7,STAT3
SH2D2A,STAT3
ECH1,STAT3
KRTAP12-3,ZNF467
TP53,NR3C1
TP53,ATF3
FARS2,IKZF3
STX11,IKZF3
C1ORF174,IKZF1
LDOC1,IKZF3
STMN3,ZNF76
FAM161A,IKZF1
TEKT4,IKZF3
SDAD1,TGIF1
CWF19L2,IKZF1
MTF2,BCL11A
ATF3,STAT3
ATF3,B3KNW7
ATF3,CEBPG
ATF3,ATF2
BYSL,IKZF1
BYSL,IKZF3
SUMO2,ZNF281
SUMO2,MEF2D
SUMO2,NR3C1
SUMO2,ETV6
SUMO2,ELF2
CNDP2,STAT3
AHR,AIP
AHR,NCOA1
AHR,STUB1
AHR,RB1
AHR,VIRMA
AHR,NCOA2
GADD45GIP1,STAT3
TSTD2,IKZF3
TSTD2,IKZF1
LHX3,ZNF76
EMC2,IKZF3
EGLN1,ZNF281
TP73,NFYC
PRR20A,NFYC
EXOC8,IKZF3
NR2B1,NR4A2
ARHGEF6,IKZF3
WDCP,ZNF281
LIN9,BCL11A
CABIN1,MEF2D
ZNF766,FHL5
MEF2D,HDAC5
USF3,NFYC
B3KNW7,NR3C1
EZH2,BCL11A
STIP1,PRDM1
VIRMA,NR3C1
VIRMA,PRDM1
VIRMA,ZNF460
VIRMA,STAT3
VIRMA,ETV6
ZBTB3,NR3C1
NR4A2,RXRA
NR4A2,RXRB
ZBTB9,NR3C1
Q5SQP8,TGIF1
MAPRE3,IKZF1
RNF214,ZNF76
MDFI,TGIF1
ACTC1,BCL11A
ZNF34,NFYC
FHL2,ZNF76
FHL2,IKZF1
FHL3,IKZF3
FTH1,NR3C1
RAD51D,IKZF1
RAD51D,IKZF3
GATAD2B,BCL11A
GATAD2A,BCL11A
YES1,IKZF3
TP53BP1,NR3C1
MRPS31,STAT3
GLRX3,IKZF1
STUB1,PRDM1
STUB1,NR3C1
CAPN1,STAT3
SPAG9,SOX4
OSTF1,NFYC
MKRN3,IKZF3
DYRK2,IKZF1
ST13,PRDM1
NCOA2,NR3C1
NCOA1,NR3C1
NCOA1,STAT3
ESS2,IKZF3
PHIP,ZNF281
BCL11A,ZNF219
BCL11A,EED
BCL11A,NCK2
BCL11A,FXR2
BCL11A,BCL11B
BCL11A,PHF20L1
BCL11A,PHF1
BCL11A,HAT1
NR3C2,NR3C1
NR3C1,ZNF496
NR3C1,RBM14
NR3C1,SMIM40
NR3C1,DAP3
NR3C1,STAT3
NR3C1,FKBP4
NR3C1,FKBP5
NR3C1,RXRB
NR3C1,CEP43
FKBP5,PRDM1
ARNT2,IKZF3
CBL,STAT3
CBL,MZF1
LETM1,ZNF76
HIC1,STAT3
ZC4H2,ZNF76
IKZF4,IKZF1
IKZF4,IKZF3
TCEANC,IKZF3
YPEL3,ZNF76
HDAC3,STAT3
ANKRD26P1,STAT3
RAD52,NFYC
USP2,IKZF3
USP6,ZNF76
USP7,ZNF76
USP7,ETV6
SOX4,FZR1
TGIF1,STK16
VXN,ZNF76
GNL3,STAT3
TRAPPC6A,IKZF3
STAT3,ZNF281
STAT3,SUPT20H
STAT3,STAT1
STAT3,TCEAL1
STAT3,ZNRD2
STAT2,STAT1
TBC1D22B,IKZF3
TBC1D22B,ZNF76
PSMF1,IKZF3
ZNF76,IKZF3
ZNF76,RPS21
ZNF76,CAND1
GOLGA2,IKZF3
DNM2,PRDM1
ETV7,ETV6
STK16,IKZF3
IKZF5,IKZF1
IKZF5,IKZF3
IKZF1,CBX8
IKZF1,IKZF3
IKZF1,IKZF2
IKZF3,CATSPER1
IKZF3,BCAS2
IKZF3,RCOR3
IKZF3,CCHCR1
ELF2,PRPS1
