,Genes
0,RYBP
1,RPS3A
2,MAN1A2
3,UBE2Z
4,RNF5
5,ZNF501
6,CD8A
7,FOXP1
8,GBP2
9,AMDHD1
10,SBDS
11,TOGARAM1
12,TCAIM
13,NDUFA1
14,LSR
15,CDC42EP3
16,SGK1
17,KDM4C
18,FAM169A
19,UBAC2
20,NFKBIZ
21,KLHL28
22,RPL7A
23,TNFRSF10D
24,CPD
25,CTSB
26,MYO7A
27,ATG5
28,SYTL3
29,AGMAT
30,CPA4
31,GALNT10
32,CFAP20
33,TC2N
34,RSBN1L
35,RPL32
36,ELOB
37,PRKN
38,USO1
39,SEC11A
40,OSBPL5
41,CPEB4
42,SPON1
43,MCTP1
44,HCST
45,DENND2D
46,NCOA2
47,LGALS3BP
48,EEF1E1
49,KLF6
50,BFSP2
51,RASA1
52,CHMP2A
53,PIEZO1
54,TSPAN5
55,PRKCZ
56,PDIA6
57,SLAMF6
58,CMTM1
59,SUCLG2
60,BICDL1
61,FKBP8
62,CARHSP1
63,VIPR1
64,ERAP2
65,CXXC5
66,SLFN5
67,ALAS1
68,KLF11
69,INPP5F
70,STX6
71,MAD1L1
72,SMARCE1
73,MDN1
74,TUBA1A
75,FBXW4
76,ATP5F1E
77,FOXO1
78,MTFR1
79,PAWR
80,DAB1
81,PDE7B
82,CYLD
83,ZBTB20
84,CA8
85,RALGAPA1
86,SLC3A2
87,RHOB
88,ANAPC11
89,ADTRP
90,JPT1
91,GALM
92,TNFRSF1B
93,PRKCE
94,SPINT2
95,PTCH1
96,SMCHD1
97,PRPSAP2
98,DOCK8
99,GREM2
100,GPBP1L1
101,LIMS2
102,CEP128
103,PSMB9
104,B3GAT1
105,PTGES3
106,CBFA2T2
107,TCF20
108,MYLIP
109,RPS25
110,FMNL3
111,TSPOAP1
112,SYAP1
113,FKBP3
114,SNAP23
115,OGDH
116,NUMA1
117,ARID4B
118,TMEM134
119,FAM168A
120,MTMR1
121,MEAK7
122,TNFRSF4
123,IQCN
124,KIDINS220
125,PIN4
126,ZNRF2
127,HERC3
128,PBXIP1
129,ZNF253
130,SUPT4H1
131,IL16
132,POC5
133,XKRX
134,ZNF518A
135,ST6GALNAC6
136,DDX6
137,RAB5B
138,SLC7A10
139,ARID5A
140,NARS2
141,TMSB4X
142,MX1
143,RBM4
144,MFSD6
145,ZNRF1
146,FNBP1
147,SMC3
148,MAST2
149,RNF181
150,FRMD6
151,C1orf162
152,MVB12B
153,NME3
154,PLCL2
155,OXSR1
156,STK3
157,PXN
158,FAF1
159,RPL11
160,GTF2IRD2B
161,SLC39A10
162,HSPA12A
163,STMP1
164,KDM7A
165,PPP3CC
166,PSMA7
167,ZBTB8OS
168,ANK1
169,PEAK1
170,STAG1
171,ADK
172,BBX
173,PTMA
174,ABAT
175,RAB11A
176,RNF19A
177,LAMTOR2
178,NRDC
179,MRPS11
180,NDUFB1
181,NDUFA11
182,PEBP1
183,TAF3
184,MAGEH1
185,MYL6
186,DNAJC8
187,STAU2
188,ATXN2
189,TIMM13
190,RPL10A
191,LEF1
192,SNTB2
193,SENP6
194,TRAPPC9
195,GLCCI1
196,ATP8B1
197,C19orf53
198,MOB1B
199,LONP2
200,PYM1
201,PELI2
202,ARHGEF18
203,TXNDC11
204,RPL22
205,DCAF8
206,PTGER4
207,VIPR2
208,ACTG1
209,ATP6V1D
210,ATF7IP2
211,RNF130
212,TMX4
213,CFLAR
214,PXYLP1
215,RPL23A
216,YAF2
217,RPS15
218,BLOC1S1
219,MIF
220,RELL1
221,ANKRD34B
222,USP9Y
223,KIAA1671
224,DCAF11
225,AP3M2
226,PRDX2
227,CERT1
228,DSTN
229,SH2D3C
230,DPM3
231,PNRC1
232,PLCL1
233,DCP2
234,SKP1
235,RUNX3
236,HIBCH
237,SEM1
238,GIMAP7
239,INPP1
240,CDC42SE2
241,LRRC8B
242,GBP1
243,ZMAT2
244,ARPC5
245,CHGB
246,HDAC2
247,YWHAZ
248,FOS
249,NEDD8
250,ZNF234
251,ATP5IF1
252,PPFIA1
253,PTK2B
254,SARDH
255,OGT
256,RAI1
257,ADARB2
258,FOSB
259,MYH9
260,KLF7
261,PSME2
262,TAOK3
263,TPT1
264,SPAG9
265,AAK1
266,TOMM7
267,PPIB
268,CD55
269,SFPQ
270,NUDCD3
271,ESR2
272,HMBOX1
273,BTLA
274,PIP5K1A
275,SFMBT1
276,MIB1
277,THOC7
278,TENT4A
279,SLC25A3
280,DDX3Y
281,STRBP
282,GMFG
283,IL7
284,RFFL
285,ADGRE1
286,GRAMD1A
287,LCORL
288,SERPINB6
289,TULP4
290,EMB
291,CTSC
292,PRR13
293,ZFP36L1
294,SGK3
295,EIF4A3
296,FANCC
297,SLFN12L
298,ZNF827
299,SPEF2
300,PIKFYVE
301,ABLIM1
302,USP4
303,RWDD1
304,NIN
305,DENND4C
306,GALNT7
307,SLC25A5
308,ATF7
309,MCC
310,LRCH3
311,TXNIP
312,ST6GAL1
313,RPL36
314,UBN2
315,GTDC1
316,ITM2B
317,BMP2K
318,DYNLT1
319,PTPRM
320,RASGRF2
321,NACC2
322,MACF1
323,SGCE
324,CD8B
325,IER3
326,ATP5PF
327,VPS13D
328,KAT2B
329,EPSTI1
330,TPCN1
331,ATG12
332,PDE4B
333,CENPP
334,PHF11
335,EML5
336,SNX25
337,IKZF3
338,TAFA2
339,RTRAF
340,SH3BP2
341,MFHAS1
342,NPAT
343,WWP1
344,CLEC2D
345,EIF4A2
346,RPL12
347,TMEM258
348,RPL19
349,PDAP1
350,TOM1L2
351,ANKRD36
352,PCED1B
353,ARL6IP4
354,PLEKHA3
355,SMPD3
356,THADA
357,ANKH
358,RAB8B
359,RPL35A
360,BLM
361,GAB2
362,RBM23
363,RPL31
364,ABCC1
365,CLCN4
366,ADARB1
367,SLC20A2
368,FRYL
369,ZAP70
370,AKAP13
371,TNRC6C
372,TMEM245
373,NUP210
374,ZNF331
375,EGR1
376,UBE2L3
377,STK10
378,NAP1L4
379,ERCC6
380,SOD1
381,MAN1C1
382,ODC1
383,TOPBP1
384,ETFB
385,PSMA1
386,SNAPIN
387,TPK1
388,ANP32B
389,NOTCH1
390,RTKN2
391,CSNK2B
392,PPP1R7
393,SET
394,RAP1B
395,HOOK2
396,TMBIM6
397,PTPRC
398,SLAIN2
399,GDF7
400,ABHD17B
401,DDX3X
402,PSME1
403,BATF
404,RPLP0
405,SAR1B
406,FYB1
407,SS18L2
408,VGLL4
409,KLF9
410,CPQ
411,MCM9
412,ZC3HAV1
413,JUND
414,ENOSF1
415,SLC16A4
416,TVP23C
417,GALNT11
418,TRPS1
419,NINJ2
420,TSPAN3
421,PRKAR1A
422,COA1
423,ANXA1
424,PTPN4
425,EXT1
426,ARPC1B
427,USP12
428,GATAD2A
429,ACSL4
430,PRORP
431,COX7B
432,TRAF3
433,MAP7
434,TALDO1
435,CSK
436,BLK
437,BRK1
438,CLIC1
439,LDLRAP1
440,DNAJB6
441,RESF1
442,RPS27A
443,YME1L1
444,ARID5B
445,ZFPM1
446,PTPN11
447,ZBTB25
448,AKAP6
449,TRAFD1
450,NIPA1
451,AFF3
452,AFTPH
453,AREG
454,TFCP2
455,LPIN2
456,NSD1
457,ARIH1
458,PRPF39
459,NCKAP1
460,PEPD
461,CLIP1
462,CREBRF
463,LPP
464,GPR65
465,CERS6
466,ZFAND5
467,ASB3
468,MAP3K5
469,RAB43
470,ATP9B
471,SSBP3
472,BTBD9
473,CCT3
474,LRRC4
475,ATOX1
476,MPP7
477,GPR183
478,TAX1BP3
479,AOPEP
480,POMT1
481,MYO5A
482,CMTM6
483,MYBL1
484,CCNH
485,MRTFA
486,TMEM205
487,NPIPB4
488,IL2RA
489,HCLS1
490,GFOD1
491,RPL23
492,TCP11L2
493,KCNQ5
494,HAL
495,DTHD1
496,MTCH2
497,CDC14A
498,CBX3
499,AP2S1
500,YWHAE
501,LIPC
502,MTUS1
503,CLEC16A
504,PIK3CD
505,SFMBT2
506,PDE7A
507,SELL
508,STAT4
509,NFATC1
510,COX17
511,CHFR
512,ZNF75D
513,PHF21A
514,SNX5
515,MBOAT1
516,ERP27
517,ZFAND6
518,C19orf25
519,RAPGEF2
520,TMEM50A
521,GNG4
522,CASD1
523,SLC46A3
524,RO60
525,RPL30
526,TRIM22
527,KLHDC4
528,FAM78B
529,MICOS10
530,TSC22D4
531,SHOC2
532,SLC16A14
533,MED14
534,CDKAL1
535,USP3
536,AMD1
537,MPV17L2
538,ITM2A
539,ARHGAP15
540,PHF23
541,EMID1
542,ATP5MC1
543,TOMM6
544,CCR9
545,OST4
546,UBB
547,RABGAP1L
548,PUM1
549,BACH1
550,SAMHD1
551,NDUFB2
552,SRGAP3
553,TRAF5
554,SPSB1
555,HSP90AA1
556,RAB3GAP2
557,SIVA1
558,RSRC1
559,CAMK1D
560,UBL5
561,ASMTL
562,HMGN2
563,RPS24
564,GPR137B
565,SNRPG
566,ANKRD44
567,JAK3
568,PRKAA1
569,ARL5A
570,FERMT3
571,ATP6V0D1
572,TIGIT
573,THEM4
574,KPNB1
575,RCSD1
576,PIK3CA
577,GCNT2
578,COMMD1
579,CELF2
580,QSER1
581,ZNF322
582,CPM
583,SMYD3
584,SEC11C
585,MGAT5
586,NFATC3
587,OTUD7B
588,STS
589,ZNF280D
590,PRDX1
591,ELK4
592,HINT1
593,SYDE2
594,GPR132
595,VCP
596,AGFG1
597,SLC30A6
598,RPS12
599,MEF2A
600,TMEM218
601,MCCC2
602,CDV3
603,MCL1
604,NKTR
605,SERP1
606,SMCO4
607,TRAPPC1
608,SYT11
609,AHR
610,XPO6
611,NR4A1
612,SSX2IP
613,GPATCH8
614,ERAP1
615,SLFN11
616,BLCAP
617,PARP4
618,FCHSD2
619,ATP5ME
620,PSD4
621,ROMO1
622,HIGD2A
623,ZFAND3
624,TESPA1
625,NOL4L
626,CLK1
627,IQCH
628,CDYL2
629,NUP58
630,N4BP3
631,PSTPIP1
632,APP
633,NDUFS5
634,RPS27L
635,NPEPPS
636,SEC63
637,PDE4D
638,JAZF1
639,GPM6B
640,AFF2
641,DYNLRB1
642,TAFA1
643,HIVEP3
644,RBX1
645,ZMYM2
646,NDUFA12
647,RNF149
648,KLHL22
649,AHNAK
650,DNAJB14
651,CDK14
652,SNX9
653,WNT6
654,PITPNM2
655,PDIA4
656,EGLN2
657,TRDMT1
658,GABPB2
659,ITSN2
660,TCHP
661,CAV1
662,PON2
663,ID3
664,RMND1
665,RBBP4
666,ETS1
667,C22orf39
668,STX11
669,TRMT112
670,RIPOR2
671,R3HDM1
672,MYO1B
673,HMGB1
674,WASF2
675,ZSCAN30
676,ITGAE
677,GNAS
678,SCAPER
679,CLIP4
680,RNF216
681,CNIH3
682,ZNF276
683,ZC3H12D
684,CLYBL
685,ZC3H12B
686,TXNL1
687,THEMIS
688,PTPN1
689,IMMP2L
690,EIF5A
691,RASGRP2
692,HSD17B10
693,LAT
694,ZBTB10
695,GTF3C1
696,KCNK5
697,UTRN
698,PSMB3
699,MIEN1
700,NUAK2
701,ZCCHC7
702,PARP15
703,RPL37
704,PTPN22
705,MIA2
706,SVIL
707,MAP3K4
708,OAS3
709,SEPTIN6
710,RBMS1
711,SUGP2
712,ACTA2
713,RICTOR
714,JUNB
715,RERE
716,STK32B
717,GTF2B
718,ZMYM4
719,IFNGR1
720,MORF4L2
721,PRKRA
722,TIFA
723,ANKRD13A
724,RASGRP1
725,SDCBP
726,UGCG
727,SYF2
728,ARHGEF6
729,RYK
730,STAT3
731,KDM4A
732,CD247
733,DPP4
734,FAM110C
735,SOCS3
736,TSPO
737,ZFYVE16
738,HLA-B
739,NDUFB4
740,AMMECR1
741,MRPS12
742,TTC7A
743,MYL12B
744,TAF4B
745,FBXO34
746,IL15RA
747,ZMAT3
748,NT5DC1
749,USP36
750,PPARD
751,SAMD12
752,AMPH
753,DMAC1
754,LINS1
755,SLC38A1
756,SESN1
757,CNKSR3
758,FMNL1
759,FGD3
760,INPP4B
761,LBH
762,MAP4K1
763,E2F3
764,RPS26
765,ARF6
766,MYC
767,CCDC88C
768,YBX3
769,GABARAPL2
770,MLF1
771,CHST11
772,POMP
773,SLF2
774,ARHGEF12
775,FYCO1
776,PTPRJ
777,TIPRL
778,LSM7
779,ATP6V0E1
780,NBEAL1
781,NOS1AP
782,DNAJA1
783,HLA-E
784,PDE5A
785,STAMBP
786,PFDN5
787,HLA-DMA
788,CORO1B
789,XXYLT1
790,SARAF
791,RPS20
792,PIAS1
793,FBRS
794,RASA2
795,PTP4A2
796,RAP1A
797,ALKBH7
798,ZNF251
799,CDC27
800,TOP2A
801,FRMD4A
802,VDAC1
803,AURKAIP1
804,ACVR2A
805,GLRX
806,B3GNT5
807,SRGN
808,SH2D1A
809,PLXNC1
810,AEBP2
811,GSAP
812,RPA3
813,RAB8A
814,NAV1
815,PCNX1
816,APBB2
817,PIK3C2A
818,EML4
819,RPL36AL
820,NLK
821,CD47
822,LHFPL2
823,PTPN7
824,ANKRD10
825,ALOX5AP
826,RPS27
827,TSPYL1
828,CSRNP2
829,PDS5B
830,PTPN13
831,BACH2
832,TMEM71
833,NRBP1
834,PRKCH
835,FUT8
836,EP300
837,HYKK
838,USP25
839,TANK
840,ZC3H8
841,MTPN
842,ERBIN
843,UGP2
844,SNX30
845,DENND5A
846,TRRAP
847,ATP8A1
848,FKBP5
849,NCK2
850,LRP8
851,MOB1A
852,NEK10
853,KDM5B
854,CBR4
855,FNDC3B
856,C18orf32
857,RPS18
858,TMCO1
859,CCDC92
860,GNAO1
861,FOXO3
862,IL18R1
863,CHD4
864,RNFT1
865,TMA7
866,CRIM1
867,WWOX
868,ZNF608
869,HIP1
870,SRPK1
871,UQCR11
872,MRTFB
873,GYPC
874,PTPN14
875,NDUFA3
876,TMEM200A
877,SMDT1
878,TNFAIP3
879,RTN3
880,KDSR
881,SLC6A6
882,PCSK7
883,MYO1E
884,PLCG2
885,RPL39
886,ATAD2B
887,NCOR2
888,DHX16
889,WNK1
890,PPP4R3A
891,LIMS1
892,SEC61B
893,DCTN2
894,PDE8A
895,TNRC6B
896,RPL28
897,TMEM87A
898,ETV6
899,RORA
900,MED15
901,CPT1A
902,RPS2
903,PRKX
904,IL7R
905,DDT
906,HSPB1
907,CRY1
908,GCNT4
909,DNAJC16
910,IFIT1
911,TRIM13
912,PAG1
913,FAM117A
914,VCPIP1
915,PSMA3
916,ALDH1A2
917,LASP1
918,ZNF544
919,POLA2
920,TMF1
921,GSDMB
922,SDHAF2
923,GRB10
924,ECE1
925,PIK3IP1
926,UBTD2
927,DNAH6
928,LTA4H
929,DPEP2
930,HECTD4
931,BCR
932,SLC20A1
933,SKI
934,TXN2
935,SLC2A3
936,RNF157
937,KAT6B
938,ST3GAL1
939,PLCG1
940,TMEM220
941,DGKZ
942,ME3
943,NR4A2
944,PVALB
945,CACNA1I
946,NOP58
947,HHAT
948,UBE3C
949,RPS8
950,NHLRC3
951,FAS
952,RAB27A
953,PRDM1
954,LZTFL1
955,UBE2I
956,KSR2
957,SRBD1
958,PTTG1
959,SORL1
960,DYNLL1
961,F13A1
962,PPP1CC
963,ERH
964,GLRX3
965,PCBP3
966,MRPS21
967,CAMTA1
968,GADD45B
969,KMT5A
970,SPON2
971,BCL11B
972,TNFRSF10A
973,NACA
974,PSMC4
975,CKLF
976,ANKIB1
977,POU2AF1
978,GK
979,CECR2
980,URI1
981,CAMSAP1
982,UBE2E3
983,PLEKHF1
984,GTF2H5
985,PLSCR1
986,EIF1
987,GAPDH
988,CCND3
989,COG5
990,ANAPC7
991,METTL4
992,PPP3CA
993,ARHGAP5
994,PARP8
995,NFATC2
996,LPXN
997,ITK
998,DEUP1
999,UBE2W
1000,PRKCB
1001,FAM162A
1002,RBBP8
1003,JUN
1004,RPLP2
1005,SIRPD
1006,ATP5MC2
1007,ARHGEF3
1008,ELL2
1009,RPS14
1010,ABHD6
1011,CD3G
1012,AKNA
1013,GNG2
1014,CDC37L1
1015,BCAT1
1016,NAMPT
1017,APOLD1
1018,HECA
1019,DDX5
1020,IFIH1
1021,ICOS
1022,HBP1
1023,IL4R
1024,DYRK2
1025,MCUB
1026,CREB3L2
1027,ESYT2
1028,POC1B
1029,SATB1
1030,WDR74
1031,SEC13
1032,P3H2
1033,ZBTB38
1034,GRK2
1035,UPF3A
1036,RAB10
1037,TET3
1038,PLK3
1039,FAM222B
1040,NDUFB7
1041,NFAT5
1042,NDUFA7
1043,DENND6A
1044,TEAD1
1045,RPS5
1046,ITPR1
1047,ARPC2
1048,ELMO1
1049,PCGF5
1050,TBC1D4
1051,EMP3
1052,BBS9
1053,MECP2
1054,TARBP1
1055,CCDC12
1056,IL6ST
1057,IRF2BP2
1058,PDCD1
1059,IL4
1060,ATXN1
1061,ARPC4
1062,XRCC6
1063,CSKMT
1064,IGSF11
1065,DDX60
1066,SCGB3A1
1067,RHEB
1068,PBX3
1069,ANK3
1070,CERS5
1071,CYTIP
1072,PPP2CA
1073,DUSP1
1074,ACACA
1075,EIF4A1
1076,PELI1
1077,KPNA3
1078,LGMN
1079,JAK1
1080,SH3TC1
1081,DPYD
1082,TUBA4A
1083,MRPS7
1084,LUZP1
1085,NFIA
1086,TMEM60
1087,PABPC1
1088,SETD3
1089,FABP5
1090,IFRD1
1091,MAP2K1
1092,NUDT22
1093,LYST
1094,CHD3
1095,CAPZA2
1096,MAPKAPK3
1097,PER1
1098,SPAST
1099,ATP5PD
1100,CD84
1101,USP53
1102,RHOBTB3
1103,EXOC6B
1104,SMG1
1105,PRKCA
1106,ZBTB1
1107,CLEC7A
1108,C11orf54
1109,PLD3
1110,PIP4K2A
1111,RPS21
1112,DNMT3A
1113,ATXN7
1114,IQGAP1
1115,ATP5PO
1116,ATM
1117,SPATA6L
1118,ZC2HC1A
1119,ARPC3
1120,HNRNPH1
1121,DCAF5
1122,TNS4
1123,PHYKPL
1124,EDF1
1125,NSMCE1
1126,RPS29
1127,CCDC125
1128,NUP43
1129,NME2
1130,SGMS1
1131,GSTM3
1132,ASXL1
1133,EHMT1
1134,MIPEP
1135,STK24
1136,GIMAP8
1137,PRDX5
1138,HELB
1139,B4GALT1
1140,PHC3
1141,PHACTR2
1142,SPCS2
1143,LSM2
1144,YIF1A
1145,PHF20L1
1146,SYNE1
1147,GGNBP2
1148,ZFHX3
1149,BSG
1150,MEF2D
1151,ERO1A
1152,PUDP
1153,MEAF6
1154,RANBP2
1155,ATP2B4
1156,CMTM7
1157,IKZF2
1158,SP100
1159,ST8SIA1
1160,ACTR3C
1161,SLC9A9
1162,CEP170
1163,KIF21A
1164,DLG2
1165,NAB2
1166,CASP9
1167,EIF3G
1168,SEL1L3
1169,ZNF429
1170,FAM78A
1171,SLC4A7
1172,BTF3
1173,EVI5
1174,BCAS3
1175,FBLN7
1176,PHB2
1177,ANKHD1
1178,BAZ1A
1179,MCOLN2
1180,FGF12
1181,SEC14L2
1182,MTHFS
1183,TTYH2
1184,MIS18BP1
1185,MPZL3
1186,LRRC61
1187,ACTR1A
1188,VAMP8
1189,NXF1
1190,IST1
1191,ARHGEF2
1192,SMAD4
1193,PTEN
1194,DNAJC15
1195,ACSL6
1196,WDR77
1197,SPATA1
1198,CD81
1199,CXCR4
1200,SUSD6
1201,JMJD1C
1202,PFDN2
1203,BRCA1
1204,MYO1F
1205,SLC22A23
1206,MX2
1207,BRD1
1208,STK17A
1209,SREBF2
1210,GABARAP
1211,ATP2A2
1212,BCLAF1
1213,MT1X
1214,ZNF584
1215,CLINT1
1216,HEYL
1217,ASTN2
1218,CTLA4
1219,ACER1
1220,UQCR10
1221,ERCC1
1222,RIC8B
1223,STAT1
1224,VAMP5
1225,CLNK
1226,FBXW2
1227,PDE3B
1228,CTTN
1229,SMAD1
1230,INKA2
1231,OCIAD2
1232,RNF213
1233,CRBN
1234,FBXO32
1235,RCOR1
1236,PPME1
1237,CARD11
1238,TRAPPC4
1239,COX7C
1240,AKAP11
1241,RPL15
1242,ATP5MG
1243,GPR160
1244,C12orf42
1245,CGGBP1
1246,HK1
1247,RPL18A
1248,SUMO2
1249,TRAPPC2
1250,RAC2
1251,CARMIL1
1252,FAAH2
1253,PSMD9
1254,ATP9A
1255,SF3B5
1256,ZBTB7B
1257,RPL41
1258,EFHB
1259,CDKL2
1260,PCSK5
1261,ULK4
1262,RIN3
1263,APRT
1264,EEF1G
1265,TRAT1
1266,MBP
1267,NOTCH2
1268,DDAH1
1269,JAML
1270,TTC3
1271,PPP1R15A
1272,RAB4B
1273,PIBF1
1274,TJP2
1275,B2M
1276,ZNF609
1277,CD44
1278,TBC1D8
1279,RPL38
1280,ELK3
1281,SIK3
1282,RBM26
1283,LRP3
1284,GRAMD1B
1285,RNF144B
1286,DDX60L
1287,TG
1288,VPS13C
1289,TAF1B
1290,TTC13
1291,MYB
1292,SCARB2
1293,ADD3
1294,ADAM10
1295,NDUFV2
1296,DAPP1
1297,CD28
1298,ACBD6
1299,PARP14
1300,RILPL2
1301,GALNT2
1302,HSP90AB1
1303,ARL15
1304,LHFPL6
1305,PDCD6
1306,ZC3H7A
1307,PTPN2
1308,TRIM5
1309,ECH1
1310,RUNX1
1311,ZNRD2
1312,TTC28
1313,MAZ
1314,JARID2
1315,ANAPC10
1316,ICA1
1317,RBIS
1318,MAST4
1319,HDAC7
1320,NPIPB5
1321,UBA52
1322,GIMAP5
1323,MYCBP2
1324,ACSF3
1325,BZW1
1326,SYNE2
1327,MTG1
1328,HIF1A
1329,GZMM
1330,UST
1331,PSMA2
1332,BTNL9
1333,DEAF1
1334,EIF2S2
1335,ANKRD55
1336,SH3RF3
1337,AGPAT1
1338,ZFAT
1339,PPP1R16B
1340,DHRS12
1341,VPS25
1342,EPGN
1343,CAMKMT
1344,TRAF3IP2
1345,SELENOW
1346,CPA5
1347,CD27
1348,FNBP4
1349,RASSF3
1350,PSMB4
1351,PYHIN1
1352,LMAN2
1353,FIG4
1354,GPX4
1355,CSTF3
1356,USP16
1357,TRAK1
1358,SIL1
1359,PACS1
1360,TMEM179B
1361,CENPC
1362,CALM3
1363,CCDC69
1364,MTRR
1365,CASK
1366,DBI
1367,UQCRB
1368,TLE3
1369,NCKAP5L
1370,PRAG1
1371,EPS15L1
1372,TLE4
1373,DNASE1
1374,MEX3C
1375,TNFAIP8
1376,RPL35
1377,MAPK10
1378,SEMA4D
1379,CD69
1380,ATP5MF
1381,ANKRD12
1382,CLTCL1
1383,ZMIZ1
1384,COA6
1385,WNK2
1386,GMFB
1387,INPP5D
1388,PPP1CB
1389,PPP2R5C
1390,RGS2
1391,RPL24
1392,LRRC20
1393,INPP5B
1394,VAMP2
1395,HSDL2
1396,ITGB8
1397,VPS26A
1398,RPS7
1399,FAM117B
1400,ARL4C
1401,PPDPF
1402,FGFR1
1403,TGFBR3
1404,CCNL1
1405,MOSMO
1406,OXNAD1
1407,HSPA8
1408,ZNF281
1409,ATP6V0B
1410,EPC2
1411,IL1RAP
1412,YTHDF2
1413,SGCD
1414,GMPS
1415,CDK2AP2
1416,NELFE
1417,SP110
1418,SERINC5
1419,COX8A
1420,ZC3H6
1421,MYO10
1422,RNF138
1423,UBR5
1424,SERP2
1425,EVA1C
1426,LEPROTL1
1427,IFI16
1428,STK17B
1429,RGL4
1430,TBC1D1
1431,RPS4X
1432,SIDT1
1433,TMEM14C
1434,LGALS3
1435,MTM1
1436,C1orf198
1437,AKT3
1438,RPL27A
1439,ZC3H14
1440,ZFP36L2
1441,CHCHD1
1442,APBA2
1443,TBC1D2B
1444,RTN4
1445,PKM
1446,HIVEP1
1447,RPL8
1448,UCP2
1449,AFF1
1450,NDUFC2
1451,RER1
1452,HABP4
1453,COMMD3
1454,BCL2
1455,PARP1
1456,CYCS
1457,AACS
1458,IL21
1459,FHL3
1460,PBX4
1461,CD79A
1462,ARL3
1463,ST14
1464,PSMD4
1465,YWHAB
1466,RPL26
1467,CLPX
1468,NDEL1
1469,KLF2
1470,ANGPT2
1471,AP1S2
1472,RPL26L1
1473,SMAD3
1474,HLA-DRB1
1475,S100PBP
1476,VAV3
1477,TCP1
1478,TOX2
1479,TNIP1
1480,CCT5
1481,CCDC18
1482,CCDC50
1483,ADCY7
1484,MCTP2
1485,HSPA1B
1486,RTP5
1487,AFAP1
1488,PSMD8
1489,GTF3C6
1490,VSIR
1491,CCR7
1492,IL21R
1493,ZFP28
1494,IDI1
1495,VPS28
1496,LPAR5
1497,SCMH1
1498,HNRNPA2B1
1499,TP53BP2
1500,PIK3R1
1501,HS3ST3B1
1502,SEPTIN9
1503,DISC1
1504,VDAC3
1505,SPECC1
1506,HLA-A
1507,PPIE
1508,TRAPPC10
1509,UBE2H
1510,PNRC2
1511,RPS6
1512,CD58
1513,PPP1R2
1514,TPP1
1515,IPCEF1
1516,ILDR2
1517,FAM111A
1518,TET2
1519,ISG15
1520,SNRPE
1521,STAT5B
1522,MRPL51
1523,UQCRC2
1524,S100Z
1525,ZNF790
1526,QKI
1527,RGS3
1528,ZSWIM5
1529,NELL2
1530,C2CD3
1531,OAZ1
1532,WIPF1
1533,TAGAP
1534,SLC25A6
1535,COPZ1
1536,INHBB
1537,HMGN3
1538,PPP4C
1539,SOS1
1540,CAPN2
1541,DCP1B
1542,TTC39C
1543,ARHGAP18
1544,MLKL
1545,LARP1
1546,RPS6KA3
1547,ASAP1
1548,CARD8
1549,RMI2
1550,TXK
1551,CC2D2A
1552,IL6R
1553,AHI1
1554,MAN2A1
1555,MRPS24
1556,TTN
1557,ATP8B2
1558,HIPK1
1559,SMARCA2
1560,CACNA1C
1561,NFKB1
1562,RAB37
1563,KANTR
1564,TBC1D10A
1565,ATG4B
1566,G6PC3
1567,SFT2D1
1568,SH3GLB1
1569,BAZ2B
1570,CNOT6L
1571,PARP11
1572,LMBR1
1573,CBL
1574,CHMP4A
1575,ACTB
1576,IL32
1577,ZFP91
1578,RPS19
1579,RIMS4
1580,ANKS1A
1581,LDAH
1582,DGLUCY
1583,FAM120B
1584,MAN1A1
1585,TSC22D3
1586,RPL6
1587,TMEM45B
1588,NNMT
1589,LRCH1
1590,SIPA1L1
1591,SNF8
1592,PRKAG2
1593,SCML1
1594,BARD1
1595,SIPA1L2
1596,PPP2R2B
1597,MAF
1598,PHTF2
1599,STAU1
1600,CD2
1601,FMN1
1602,FKBP1A
1603,ISG20
1604,POLR2A
1605,XYLT1
1606,ANKS1B
1607,ANTXR2
1608,ACAP1
1609,TPD52
1610,HSPA5
1611,COL6A3
1612,MTSS1
1613,IKBKE
1614,VWDE
1615,ABCB8
1616,APOL3
1617,NDFIP1
1618,NDFIP2
1619,STX17
1620,NF1
1621,FDX2
1622,IER5L
1623,ACTN1
1624,LDLRAD4
1625,NUBP2
1626,CEBPA
1627,DHRS7
1628,REPS1
1629,NDUFA13
1630,TPST2
1631,RPS10
1632,SCML4
1633,KIAA0319L
1634,LCP2
1635,TUBB
1636,NAA38
1637,PARK7
1638,GLS
1639,TRAF1
1640,RBM15
1641,CLTC
1642,GPATCH2
1643,BTN3A3
1644,UBXN6
1645,KCNQ1
1646,BTG1
1647,HERC6
1648,ATP6V1F
1649,MTFP1
1650,ITPKB
1651,ABR
1652,ATP5PB
1653,TFRC
1654,RPS28
1655,POLR2G
1656,NDUFAB1
1657,KRTCAP2
1658,NR3C1
1659,IFNAR2
1660,CROCC
1661,VWA8
1662,RPL18
1663,PHYH
1664,TBC1D22A
1665,NAB1
1666,POLK
1667,GNG5
1668,GRAP2
1669,PCCA
1670,BCAS2
1671,RAB3IP
1672,CCM2
1673,OPRM1
1674,NUCB2
1675,TPI1
1676,ACY1
1677,CD52
1678,HPCAL1
1679,MSI2
1680,HSPD1
1681,LYN
1682,SERF2
1683,MAT2B
1684,ANXA7
1685,TMEM181
1686,HDAC4
1687,ASB2
1688,WDR83OS
1689,RAB9A
1690,NR1D2
1691,AOAH
1692,LCP1
1693,PTPRN2
1694,TMBIM4
1695,STX2
1696,RPL27
1697,ARSG
1698,BCOR
1699,MDM2
1700,RNASET2
1701,CMTM8
1702,WSB2
1703,GRIK4
1704,NDUFC1
1705,SNTB1
1706,ANKDD1B
1707,FASTKD3
1708,IER2
1709,ERMP1
1710,ZNF703
1711,PSMB6
1712,PASK
1713,PGAM1
1714,ROCK2
1715,CHD7
1716,AUTS2
1717,MKNK2
1718,DTNB
1719,DAG1
1720,TANGO6
1721,ZEB2
1722,FAM118A
1723,PDCD4
1724,TBC1D5
1725,TOR1AIP2
1726,RPS16
1727,NTRK3
1728,EPHA4
1729,SH3BGRL3
1730,SF3B6
1731,CH25H
1732,MBD2
1733,RECK
1734,HEY1
1735,CD200
1736,ARIH2
1737,COX6A1
1738,UXT
1739,EIF5
1740,RDH11
1741,EIF4G3
1742,SMAP2
1743,SNRPB
1744,SRSF7
1745,SCAI
1746,DDX23
1747,DOCK10
1748,SLC7A8
1749,RUFY3
1750,MRPL20
1751,DOCK9
1752,PHF3
1753,NDUFS7
1754,UBXN4
1755,SBF2
1756,CRYBG1
1757,PCNX2
1758,MERTK
1759,IFI44
1760,GPD1L
1761,LRRC1
1762,XRCC1
1763,RPLP1
1764,CD3D
1765,CRMP1
1766,STT3B
1767,TTI1
1768,NFKBIA
1769,AHCTF1
1770,CD4
1771,PLAC8
1772,SRP9
1773,DEF6
1774,MCF2L2
1775,IVD
1776,IGFLR1
1777,ABI2
1778,P4HA3
1779,PDE9A
1780,NDUFS6
1781,DDX24
1782,ERCC6L2
1783,DDHD1
1784,TPD52L2
1785,SCLT1
1786,ALG8
1787,MBNL1
1788,RADX
1789,HIVEP2
1790,CD226
1791,TRAK2
1792,FAU
1793,AGPAT5
1794,C2orf81
1795,DMXL1
1796,NOL7
1797,CHCHD5
1798,STXBP5
1799,GRAMD4
1800,CDHR3
1801,RRP12
1802,RPS6KA5
1803,SUSD3
1804,AIP
1805,DNAJA2
1806,COTL1
1807,HS2ST1
1808,PRKAR2B
1809,HSPA1A
1810,ANKRD36C
1811,RBM12B
1812,NLRP1
1813,ENO1
1814,PET100
1815,TSHR
1816,ZNF652
1817,RPS11
1818,CEMIP2
1819,TRMO
1820,ARID1A
1821,VPS37B
1822,RPL13
1823,MBNL2
1824,NCOA3
1825,SLX4IP
1826,DAD1
1827,CALM2
1828,RPL21
1829,ITGA6
1830,HSPH1
1831,CUTA
1832,LRIG1
1833,PPA1
1834,TGFBR2
1835,ID2
1836,RETREG1
1837,GLIPR1
1838,IDS
1839,FAM107B
1840,TECR
1841,MPLKIP
1842,RPS9
1843,FGFR2
1844,RPL14
1845,YPEL5
1846,VPS29
1847,IQGAP2
1848,ARRDC3
1849,HNRNPLL
1850,SLC7A6
1851,EEF1A1
1852,TOX
1853,COX5B
1854,ADA2
1855,CDK19
1856,SUB1
1857,MTR
1858,CFL1
1859,JAGN1
1860,LIMD2
1861,RNF144A
1862,CNKSR2
1863,RPA1
1864,FOXN3
1865,RPL5
1866,DNAJB1
1867,TMEM178B
1868,AMPD3
1869,BAG3
1870,C12orf57
1871,CAMK2G
1872,ISCU
1873,RPL10
1874,COBLL1
1875,LTB
1876,N4BP1
1877,CAST
1878,RNASEK
1879,PDCD5
1880,LDHB
1881,TTC39B
1882,TBC1D14
1883,ORMDL1
1884,ITGAV
1885,CIB1
1886,ITGAL
1887,ARHGAP25
1888,TRIM8
1889,DOCK3
1890,UQCRH
1891,KLF12
1892,PFN1
1893,MDFIC
1894,AKIRIN1
1895,LRBA
1896,INPP5A
1897,ARHGAP10
1898,FBXO21
1899,WDTC1
1900,TNPO3
1901,MALT1
1902,TANC2
1903,PLB1
1904,FUS
1905,SLC25A26
1906,SHOC1
1907,MGAT4A
1908,RBM19
1909,NDUFA4
1910,PRRC2B
1911,PCBP1
1912,BCL6
1913,TMEM141
1914,SPN
1915,RAD50
1916,P2RY8
1917,PIK3R5
1918,GALK2
1919,UBE2D2
1920,UQCRQ
1921,TMEM65
1922,PPP1CA
1923,SELENOH
1924,CD96
1925,PRDM8
1926,RASA3
1927,UBTF
1928,ZFR
1929,FYN
1930,NT5C3A
1931,GALNT1
1932,LMO7
1933,SNRPD2
1934,MLLT10
1935,GPR174
1936,RAPH1
1937,RABGAP1
1938,FLT1
1939,CNIH1
1940,HDDC2
1941,RGS10
1942,NSMAF
1943,SGTB
1944,PLCB1
1945,IFI44L
1946,PIK3R3
1947,RPS19BP1
1948,YWHAQ
1949,SLC16A7
1950,UBLCP1
1951,NDUFB6
1952,TLCD4
1953,KSR1
1954,SRP14
1955,RPL7
1956,SIRT1
1957,TENT5C
1958,IRS2
1959,COPE
1960,LAMTOR1
1961,NRP1
1962,SYNC
1963,MRPS6
1964,FAM110A
1965,SGPP2
1966,SLC25A46
1967,SDK1
1968,CXCR5
1969,SYNJ1
1970,WBP1L
1971,CCSER2
1972,N4BP2
1973,MITD1
1974,ADGRE5
1975,CBLB
1976,PRKAR2A
1977,KIAA0232
1978,MREG
1979,FLI1
1980,PARL
1981,PPM1A
1982,GPR171
1983,ZZEF1
1984,IFT52
1985,LAMTOR4
1986,ZEB1
1987,CD48
1988,SPECC1L
1989,NR3C2
1990,RGCC
1991,SNRNP35
1992,ADAMTS6
1993,RANBP9
1994,ZNF706
1995,ERN1
1996,MLXIP
1997,AP3S2
1998,CMSS1
1999,CYFIP2
2000,PSMC2
2001,NDUFB10
2002,SZRD1
2003,RPS15A
2004,PHEX
2005,PARD3
2006,SELENOT
2007,RPH3A
2008,WNT10A
2009,KLF13
2010,CLDN16
2011,SRP19
2012,UBXN1
2013,RAPGEF6
2014,TRAF3IP3
2015,EZR
2016,CUBN
2017,SRSF5
2018,PKHD1
2019,ILF2
2020,P2RX5
2021,USP15
2022,ARHGAP26
2023,MAML2
2024,CHSY1
2025,SSH2
2026,POLD4
2027,EIF4H
2028,HCFC2
2029,CASS4
2030,COX4I1
2031,ELF1
2032,TUBA1B
2033,TCTN1
2034,UBASH3A
2035,CYBRD1
2036,MYO6
2037,RPS13
2038,ZNF77
2039,GRID1
2040,RPL29
2041,DGKG
2042,OGFRL1
2043,EPB41
2044,IKZF1
2045,ODF2L
2046,RELB
2047,YPEL3
2048,SYTL2
2049,ARGLU1
2050,RALGDS
2051,MAP3K14
2052,PLEKHA1
2053,SH3KBP1
2054,NUP42
2055,INO80C
2056,BANF1
2057,CEP120
2058,TM9SF3
2059,CHI3L2
2060,CYP7B1
2061,CD82
2062,EPC1
2063,VHL
2064,TBL1XR1
2065,MRPS31
2066,IL10RA
2067,CASP8
2068,CCDC28B
2069,STK38
2070,KIAA0513
2071,UBC
2072,NSD2
2073,POU3F1
2074,BBS2
2075,PRMT1
2076,CC2D2B
2077,BTG3
2078,RAB30
2079,ARF5
2080,SP3
2081,TNFSF8
2082,LCK
2083,SEPTIN1
2084,USP10
2085,NPDC1
2086,PDE6D
2087,ZFYVE9
2088,COX6B1
2089,LRRC8C
2090,TMEM131L
2091,ZNF10
2092,CD38
2093,TCF12
2094,POU2F1
2095,ABI1
2096,N4BP2L1
2097,YEATS2
2098,CCND2
2099,ITGA1
2100,ROR1
2101,KAT6A
2102,RC3H1
2103,CHD2
2104,FAM53B
2105,SLA
2106,LPAR6
2107,ZNF655
2108,VAV2
2109,MRPL34
2110,PATJ
2111,DTNBP1
2112,KDM6B
2113,CAMK2D
2114,TMC8
2115,MTA3
2116,USP6NL
2117,INTS6L
2118,CCDC6
2119,ST8SIA4
2120,ARAP2
2121,DNPH1
2122,XRRA1
2123,NCALD
2124,TIPARP
2125,MAPK6
2126,SERBP1
2127,ATP13A3
2128,RFX8
2129,RGS1
2130,CSTB
2131,ZMYM5
2132,TSTD1
2133,SOX5
2134,CCDC167
2135,SNX14
2136,NABP1
2137,NRIP2
2138,BOP1
2139,ZFP36
2140,ANKRD36B
2141,STK4
2142,NDUFA2
2143,CRTC3
2144,SRSF11
2145,CSNK1G3
2146,ZNF106
2147,UBE2G1
2148,RPL37A
2149,FOXK2
2150,PEX2
2151,TXNDC17
2152,CXCL13
2153,NTPCR
2154,TMCC1
2155,OSBPL3
2156,CD8B2
2157,TOGARAM2
2158,MRPL40
2159,CDK6
2160,VMP1
2161,ENOX2
2162,IL2RB
2163,CIAO2B
2164,NEIL3
2165,DNAJC11
2166,FURIN
2167,PREX1
2168,WDFY1
2169,TBC1D19
2170,NDUFA6
2171,DLEU7
2172,C16orf87
2173,SIRPG
2174,RIC1
2175,CLASP1
2176,BIRC3
2177,ACVR1C
2178,ADAM17
2179,VOPP1
2180,CDK5R1
2181,SDCCAG8
2182,RAB5C
2183,SLC16A10
2184,EVC2
2185,UBASH3B
2186,NCOA1
2187,STK39
2188,RALGAPA2
2189,WSB1
2190,MOB3A
2191,APC
2192,RBM6
2193,CALR
2194,PPTC7
2195,SLC52A1
2196,ELF2
2197,FDFT1
2198,HLA-C
2199,TDG
2200,IRF2
2201,SYMPK
2202,SEPTIN11
2203,CAMK4
2204,ANXA6
2205,IGF1R
2206,TEX14
2207,CDKN1B
2208,SPCS1
2209,DENND4A
2210,SPATS2L
2211,GSK3B
2212,SSR4
2213,TMED1
2214,ITPR2
2215,GSE1
2216,TMEM232
2217,OSBPL8
2218,GPRIN3
2219,FZD3
2220,WIPI1
2221,RPL3
2222,DIAPH3
2223,MLLT3
2224,SKA2
2225,USP40
2226,ASCL2
2227,ABHD12
2228,FER
2229,DGKH
